regiao;indicador;dimensao;componente_ivs;n_setores;media_entre_setores;dp_entre_setores;p25;mediana;p75;razao_agregada
Centro-Oeste;pct_agua_inad;Saneamento;True;25572;0.091088;0.208197;0.000000;0.000000;0.065453;0.074003
Centro-Oeste;pct_esgoto_inad;Saneamento;True;25572;0.228153;0.349070;0.000000;0.017079;0.363297;0.213808
Centro-Oeste;pct_lixo_inad;Saneamento;True;25572;0.065032;0.198254;0.000000;0.000000;0.000000;0.053301
Centro-Oeste;razao_moradores;Socioeconômica;True;25572;2.774931;0.345340;2.584270;2.787690;2.986371;2.779100
Centro-Oeste;pct_analfab;Socioeconômica;True;23421;0.050536;0.040107;0.021978;0.041330;0.069042;0.047827
Centro-Oeste;renda_media;Socioeconômica;True;25571;3696.530155;3241.115422;2040.310000;2620.020000;3813.315000;3696.530155
Centro-Oeste;pct_raca_pretpardind;Socioeconômica;True;25572;0.606839;0.146817;0.525581;0.634011;0.710843;0.618030
Centro-Oeste;pct_dom_improv;Morfologia;False;23510;0.000742;0.013100;0.000000;0.000000;0.000000;0.000623
Centro-Oeste;pct_hab_precaria;Morfologia;False;25572;0.006908;0.034126;0.000000;0.000000;0.000000;0.006896
Centro-Oeste;pct_moradia_convencional;Morfologia;False;25572;0.990658;0.033396;0.993631;1.000000;1.000000;0.991246
Centro-Oeste;pct_moradia_nao_convencional;Morfologia;False;25571;0.006292;0.031836;0.000000;0.000000;0.000000;0.006378
Centro-Oeste;pct_apartamento;Morfologia;False;22748;0.146940;0.298773;0.000000;0.000000;0.091503;0.157416
Centro-Oeste;pct_casa;Morfologia;False;25117;0.846408;0.283761;0.870079;0.980843;1.000000;0.837750
Centro-Oeste;pct_casa_vila_condominio;Morfologia;False;22202;0.032939;0.123669;0.000000;0.000000;0.000000;0.034142
Centro-Oeste;pct_sem_agua_canalizada;Saneamento;False;25557;0.013783;0.065008;0.000000;0.000000;0.005495;0.988062
Centro-Oeste;pct_agua_nao_encanada;Saneamento;False;23069;0.003337;0.035910;0.000000;0.000000;0.000000;0.002524
Centro-Oeste;pct_agua_so_terreno;Saneamento;False;20456;0.010971;0.061015;0.000000;0.000000;0.000000;0.010235
Centro-Oeste;pct_sem_banheiro;Saneamento;False;22612;0.001306;0.022387;0.000000;0.000000;0.000000;0.000823
Centro-Oeste;pct_sem_banheiro_nem_sanitario;Saneamento;False;25000;0.000025;0.001127;0.000000;0.000000;0.000000;0.000022
Centro-Oeste;pct_resp_feminino;Socioeconômica;False;25456;0.487152;0.108403;0.419039;0.493789;0.562138;0.489278
Centro-Oeste;pct_crianca_0a4;Demografia;False;25278;0.066204;0.022540;0.050847;0.064912;0.080436;0.068211
Centro-Oeste;pct_pop_0a14;Demografia;False;25510;0.201203;0.054957;0.166457;0.200984;0.236786;0.208523
Centro-Oeste;pct_idoso_60mais;Demografia;False;25483;0.139381;0.072060;0.084911;0.130028;0.182454;0.128830
Centro-Oeste;iep_setor;Demografia;False;25285;82.803459;77.169167;36.912752;64.705882;106.451613;61.785972
Centro-Oeste;rdi_setor;Demografia;False;25476;22.152310;16.567102;12.432432;19.541425;28.500483;19.446334
Centro-Oeste;prop_70mais_entre_60mais;Demografia;False;24967;40.857807;10.495208;34.177215;40.740741;47.368421;42.478632
Nordeste;pct_agua_inad;Saneamento;True;75119;0.126988;0.242864;0.000000;0.015152;0.114491;0.116121
Nordeste;pct_esgoto_inad;Saneamento;True;75114;0.304583;0.378203;0.000000;0.074074;0.657712;0.291433
Nordeste;pct_lixo_inad;Saneamento;True;75115;0.132649;0.251733;0.000000;0.007833;0.120690;0.122019
Nordeste;razao_moradores;Socioeconômica;True;75119;2.864062;0.306458;2.678571;2.859873;3.044118;2.863135
Nordeste;pct_analfab;Socioeconômica;True;72298;0.115270;0.079182;0.051852;0.101695;0.165487;0.110794
Nordeste;renda_media;Socioeconômica;True;75110;2167.800265;2232.691065;1217.012500;1518.560000;2135.320000;2167.800265
Nordeste;pct_raca_pretpardind;Socioeconômica;True;75119;0.713602;0.132437;0.639679;0.727162;0.805039;0.715833
Nordeste;pct_dom_improv;Morfologia;False;69919;0.000487;0.010279;0.000000;0.000000;0.000000;0.000384
Nordeste;pct_hab_precaria;Morfologia;False;75119;0.002061;0.018018;0.000000;0.000000;0.000000;0.001970
Nordeste;pct_moradia_convencional;Morfologia;False;75118;0.995627;0.017137;0.995902;1.000000;1.000000;0.996269
Nordeste;pct_moradia_nao_convencional;Morfologia;False;75119;0.001660;0.015018;0.000000;0.000000;0.000000;0.001655
Nordeste;pct_apartamento;Morfologia;False;66727;0.122122;0.267793;0.000000;0.000000;0.071006;0.131605
Nordeste;pct_casa;Morfologia;False;74102;0.872398;0.254294;0.899123;0.984615;1.000000;0.864312
Nordeste;pct_casa_vila_condominio;Morfologia;False;66231;0.030111;0.110587;0.000000;0.000000;0.000000;0.031222
Nordeste;pct_sem_agua_canalizada;Saneamento;False;75035;0.049155;0.117625;0.000000;0.008584;0.037037;0.955943
Nordeste;pct_agua_nao_encanada;Saneamento;False;58096;0.026247;0.091205;0.000000;0.000000;0.014440;0.022856
Nordeste;pct_agua_so_terreno;Saneamento;False;56967;0.033455;0.087100;0.000000;0.000000;0.026201;0.031533
Nordeste;pct_sem_banheiro;Saneamento;False;57808;0.015861;0.054985;0.000000;0.000000;0.000000;0.014177
Nordeste;pct_sem_banheiro_nem_sanitario;Saneamento;False;66554;0.001455;0.012591;0.000000;0.000000;0.000000;0.001155
Nordeste;pct_resp_feminino;Socioeconômica;False;74976;0.546407;0.100301;0.482759;0.550374;0.615385;0.546181
Nordeste;pct_crianca_0a4;Demografia;False;74457;0.065019;0.022255;0.049767;0.063613;0.078767;0.065786
Nordeste;pct_pop_0a14;Demografia;False;75003;0.204489;0.054265;0.169261;0.203797;0.239290;0.208188
Nordeste;pct_idoso_60mais;Demografia;False;74861;0.145922;0.065478;0.099174;0.138975;0.185228;0.141148
Nordeste;iep_setor;Demografia;False;74570;85.501532;75.246886;42.000000;67.630058;106.363636;67.802654
Nordeste;rdi_setor;Demografia;False;74848;23.089082;12.357844;14.947368;21.292776;29.166667;21.697413
Nordeste;prop_70mais_entre_60mais;Demografia;False;73647;44.592847;10.337682;38.235294;45.000000;51.136364;45.916577
Norte;pct_agua_inad;Saneamento;True;21862;0.334478;0.355168;0.022069;0.179612;0.622956;0.331539
Norte;pct_esgoto_inad;Saneamento;True;21861;0.444070;0.399281;0.033708;0.340659;0.898305;0.428837
Norte;pct_lixo_inad;Saneamento;True;21860;0.118775;0.243589;0.000000;0.000000;0.088442;0.099043
Norte;razao_moradores;Socioeconômica;True;21862;3.248880;0.522738;2.929204;3.179965;3.480000;3.232108
Norte;pct_analfab;Socioeconômica;True;20737;0.066837;0.051624;0.029126;0.052846;0.092807;0.063380
Norte;renda_media;Socioeconômica;True;21858;2466.258556;2291.602990;1437.605000;1859.575000;2615.862500;2466.258556
Norte;pct_raca_pretpardind;Socioeconômica;True;21862;0.766006;0.097744;0.723249;0.780791;0.826347;0.770811
Norte;pct_dom_improv;Morfologia;False;20031;0.000597;0.009800;0.000000;0.000000;0.000000;0.000517
Norte;pct_hab_precaria;Morfologia;False;21862;0.004528;0.022596;0.000000;0.000000;0.000000;0.004827
Norte;pct_moradia_convencional;Morfologia;False;21862;0.992396;0.023383;0.993289;1.000000;1.000000;0.992936
Norte;pct_moradia_nao_convencional;Morfologia;False;21862;0.004093;0.021654;0.000000;0.000000;0.000000;0.004418
Norte;pct_apartamento;Morfologia;False;19544;0.081664;0.197841;0.000000;0.000000;0.063843;0.091788
Norte;pct_casa;Morfologia;False;21706;0.883072;0.202878;0.867311;0.962424;1.000000;0.871878
Norte;pct_casa_vila_condominio;Morfologia;False;18668;0.049911;0.113309;0.000000;0.000000;0.053927;0.053736
Norte;pct_sem_agua_canalizada;Saneamento;False;21830;0.063920;0.132609;0.000000;0.013953;0.059524;0.943304
Norte;pct_agua_nao_encanada;Saneamento;False;17243;0.022397;0.085878;0.000000;0.000000;0.000000;0.018470
Norte;pct_agua_so_terreno;Saneamento;False;16789;0.055580;0.114555;0.000000;0.013453;0.056995;0.051414
Norte;pct_sem_banheiro;Saneamento;False;16727;0.036632;0.098305;0.000000;0.000000;0.027424;0.030892
Norte;pct_sem_banheiro_nem_sanitario;Saneamento;False;19339;0.001492;0.013353;0.000000;0.000000;0.000000;0.001195
Norte;pct_resp_feminino;Socioeconômica;False;21786;0.524841;0.104578;0.463054;0.531449;0.593866;0.528238
Norte;pct_crianca_0a4;Demografia;False;21688;0.077154;0.025233;0.059402;0.075581;0.092503;0.077894
Norte;pct_pop_0a14;Demografia;False;21834;0.237513;0.060511;0.196509;0.236046;0.277447;0.241587
Norte;pct_idoso_60mais;Demografia;False;21716;0.106992;0.053780;0.067608;0.098290;0.137763;0.103591
Norte;iep_setor;Demografia;False;21657;53.544659;44.990397;24.817518;41.346154;67.741935;42.885970
Norte;rdi_setor;Demografia;False;21715;16.597937;9.014806;10.278373;14.910859;21.164466;15.823453
Norte;prop_70mais_entre_60mais;Demografia;False;21048;40.818170;10.729821;34.375000;40.909091;47.058824;41.808199
Sudeste;pct_agua_inad;Saneamento;True;175076;0.059917;0.192992;0.000000;0.000000;0.000000;0.043693
Sudeste;pct_esgoto_inad;Saneamento;True;175074;0.067436;0.189928;0.000000;0.000000;0.000000;0.054800
Sudeste;pct_lixo_inad;Saneamento;True;175074;0.098651;0.234186;0.000000;0.000000;0.038541;0.093563
Sudeste;razao_moradores;Socioeconômica;True;175076;2.678947;0.327005;2.500000;2.696970;2.882821;2.686952
Sudeste;pct_analfab;Socioeconômica;True;150259;0.039475;0.035864;0.015444;0.030675;0.053435;0.038488
Sudeste;renda_media;Socioeconômica;True;175056;3591.874966;3353.568481;1884.720000;2502.245000;3796.420000;3591.874966
Sudeste;pct_raca_pretpardind;Socioeconômica;True;175073;0.476064;0.204635;0.315650;0.491228;0.639821;0.490437
Sudeste;pct_dom_improv;Morfologia;False;167097;0.000549;0.014320;0.000000;0.000000;0.000000;0.000493
Sudeste;pct_hab_precaria;Morfologia;False;175076;0.004092;0.035120;0.000000;0.000000;0.000000;0.004001
Sudeste;pct_moradia_convencional;Morfologia;False;175076;0.993337;0.033909;0.995392;1.000000;1.000000;0.994154
Sudeste;pct_moradia_nao_convencional;Morfologia;False;175076;0.003635;0.032287;0.000000;0.000000;0.000000;0.003568
Sudeste;pct_apartamento;Morfologia;False;159438;0.218825;0.353672;0.000000;0.012048;0.275000;0.220211
Sudeste;pct_casa;Morfologia;False;170110;0.787913;0.334088;0.735757;0.973811;1.000000;0.788169
Sudeste;pct_casa_vila_condominio;Morfologia;False;156623;0.031850;0.123590;0.000000;0.000000;0.000000;0.030208
Sudeste;pct_sem_agua_canalizada;Saneamento;False;175000;0.010795;0.061001;0.000000;0.000000;0.000000;0.990857
Sudeste;pct_agua_nao_encanada;Saneamento;False;163344;0.003658;0.039876;0.000000;0.000000;0.000000;0.002998
Sudeste;pct_agua_so_terreno;Saneamento;False;152266;0.006617;0.048915;0.000000;0.000000;0.000000;0.005891
Sudeste;pct_sem_banheiro;Saneamento;False;159794;0.000624;0.010722;0.000000;0.000000;0.000000;0.000543
Sudeste;pct_sem_banheiro_nem_sanitario;Saneamento;False;172246;0.000032;0.002556;0.000000;0.000000;0.000000;0.000022
Sudeste;pct_resp_feminino;Socioeconômica;False;174388;0.498493;0.105375;0.432540;0.506550;0.571429;0.499774
Sudeste;pct_crianca_0a4;Demografia;False;171042;0.055187;0.021963;0.040000;0.053208;0.068047;0.056553
Sudeste;pct_pop_0a14;Demografia;False;174485;0.173491;0.054991;0.137931;0.173034;0.208726;0.180316
Sudeste;pct_idoso_60mais;Demografia;False;174453;0.184911;0.086564;0.122257;0.177524;0.239923;0.175165
Sudeste;iep_setor;Demografia;False;172695;134.685758;129.522043;59.437261;101.851852;169.801494;97.140104
Sudeste;rdi_setor;Demografia;False;174388;30.470453;21.514262;18.217054;27.484412;39.130435;27.192155
Sudeste;prop_70mais_entre_60mais;Demografia;False;170610;42.817827;11.047544;35.820896;42.857143;50.000000;44.514552
Sul;pct_agua_inad;Saneamento;True;49771;0.073397;0.192125;0.000000;0.000000;0.031496;0.052092
Sul;pct_esgoto_inad;Saneamento;True;49770;0.118358;0.260656;0.000000;0.000000;0.055351;0.101617
Sul;pct_lixo_inad;Saneamento;True;49770;0.078642;0.218076;0.000000;0.000000;0.015152;0.073339
Sul;razao_moradores;Socioeconômica;True;49771;2.634372;0.318477;2.457001;2.652174;2.833815;2.631111
Sul;pct_analfab;Socioeconômica;True;42541;0.035355;0.034101;0.013208;0.026012;0.047022;0.033578
Sul;renda_media;Socioeconômica;True;49769;3508.518419;2380.903880;2213.670000;2831.340000;3906.830000;3508.518419
Sul;pct_raca_pretpardind;Socioeconômica;True;49770;0.258619;0.144688;0.147030;0.236948;0.354557;0.273547
Sul;pct_dom_improv;Morfologia;False;46973;0.000160;0.004668;0.000000;0.000000;0.000000;0.000150
Sul;pct_hab_precaria;Morfologia;False;49771;0.001004;0.011175;0.000000;0.000000;0.000000;0.001052
Sul;pct_moradia_convencional;Morfologia;False;49771;0.996247;0.014393;0.996241;1.000000;1.000000;0.997025
Sul;pct_moradia_nao_convencional;Morfologia;False;49771;0.000882;0.010294;0.000000;0.000000;0.000000;0.000938
Sul;pct_apartamento;Morfologia;False;44409;0.198093;0.309408;0.000000;0.033784;0.251337;0.219229
Sul;pct_casa;Morfologia;False;49028;0.816420;0.289369;0.776892;0.965517;1.000000;0.795870
Sul;pct_casa_vila_condominio;Morfologia;False;43736;0.017369;0.080815;0.000000;0.000000;0.000000;0.019602
Sul;pct_sem_agua_canalizada;Saneamento;False;49764;0.004808;0.032523;0.000000;0.000000;0.000000;0.996407
Sul;pct_agua_nao_encanada;Saneamento;False;46075;0.001572;0.023472;0.000000;0.000000;0.000000;0.001106
Sul;pct_agua_so_terreno;Saneamento;False;42787;0.001998;0.024607;0.000000;0.000000;0.000000;0.001555
Sul;pct_sem_banheiro;Saneamento;False;43637;0.001374;0.017478;0.000000;0.000000;0.000000;0.001155
Sul;pct_sem_banheiro_nem_sanitario;Saneamento;False;48763;0.000054;0.002390;0.000000;0.000000;0.000000;0.000053
Sul;pct_resp_feminino;Socioeconômica;False;49428;0.485453;0.113373;0.410714;0.492597;0.566667;0.489989
Sul;pct_crianca_0a4;Demografia;False;48450;0.058384;0.022051;0.043771;0.056628;0.071197;0.059982
Sul;pct_pop_0a14;Demografia;False;49539;0.178003;0.054957;0.145228;0.177986;0.211669;0.185869
Sul;pct_idoso_60mais;Demografia;False;49541;0.182496;0.081620;0.123596;0.175497;0.233216;0.170065
Sul;iep_setor;Demografia;False;48851;124.514809;111.052897;59.510699;98.136646;156.152367;91.483938
Sul;rdi_setor;Demografia;False;49512;30.309849;19.889541;18.535223;27.249643;38.235294;26.421613
Sul;prop_70mais_entre_60mais;Demografia;False;48513;42.676170;10.535223;36.206897;42.647059;48.958333;43.887177
