CD_UF;indicador;dimensao;componente_ivs;n_setores;media_entre_setores;dp_entre_setores;p25;mediana;p75;razao_agregada
11;pct_agua_inad;Saneamento;True;1969;0.424470;0.346824;0.102703;0.352941;0.710383;0.420081
11;pct_esgoto_inad;Saneamento;True;1969;0.538017;0.395224;0.078947;0.650000;0.933921;0.531506
11;pct_lixo_inad;Saneamento;True;1969;0.051729;0.163814;0.000000;0.000000;0.019802;0.038411
11;razao_moradores;Socioeconômica;True;1969;2.823801;0.287081;2.628440;2.797342;3.015385;2.821586
11;pct_analfab;Socioeconômica;True;1901;0.058635;0.037334;0.031690;0.052104;0.078788;0.055371
11;renda_media;Socioeconômica;True;1969;2791.481082;1818.005629;1869.030000;2321.880000;3118.850000;2791.481082
11;pct_raca_pretpardind;Socioeconômica;True;1969;0.682388;0.099832;0.623229;0.693444;0.752363;0.686741
11;pct_dom_improv;Morfologia;False;1763;0.000308;0.003943;0.000000;0.000000;0.000000;0.000212
11;pct_hab_precaria;Morfologia;False;1969;0.001365;0.014807;0.000000;0.000000;0.000000;0.001148
11;pct_moradia_convencional;Morfologia;False;1969;0.995894;0.015765;0.995327;1.000000;1.000000;0.996646
11;pct_moradia_nao_convencional;Morfologia;False;1969;0.001169;0.014468;0.000000;0.000000;0.000000;0.001023
11;pct_apartamento;Morfologia;False;1724;0.094810;0.175679;0.000000;0.031135;0.103370;0.097893
11;pct_casa;Morfologia;False;1956;0.890661;0.189765;0.882599;0.962894;0.993750;0.887139
11;pct_casa_vila_condominio;Morfologia;False;1621;0.034134;0.125018;0.000000;0.000000;0.017094;0.035793
11;pct_sem_agua_canalizada;Saneamento;False;1968;0.034689;0.109151;0.000000;0.004098;0.019753;0.967969
11;pct_agua_nao_encanada;Saneamento;False;1636;0.014395;0.073275;0.000000;0.000000;0.000000;0.014117
11;pct_agua_so_terreno;Saneamento;False;1465;0.027131;0.097236;0.000000;0.000000;0.016216;0.025011
11;pct_sem_banheiro;Saneamento;False;1563;0.004624;0.020968;0.000000;0.000000;0.000000;0.004262
11;pct_sem_banheiro_nem_sanitario;Saneamento;False;1837;0.000226;0.002679;0.000000;0.000000;0.000000;0.000217
11;pct_resp_feminino;Socioeconômica;False;1965;0.495830;0.109819;0.423237;0.500000;0.574324;0.498570
11;pct_crianca_0a4;Demografia;False;1959;0.072142;0.020257;0.058174;0.071090;0.085218;0.072743
11;pct_pop_0a14;Demografia;False;1967;0.218868;0.047322;0.188517;0.216327;0.247570;0.221937
11;pct_idoso_60mais;Demografia;False;1963;0.121622;0.049847;0.085737;0.119730;0.153014;0.115964
11;iep_setor;Demografia;False;1961;62.836829;47.037198;35.211268;54.824561;80.841121;52.253563
11;rdi_setor;Demografia;False;1963;18.689665;8.286245;12.786798;18.122977;23.562286;17.516439
11;prop_70mais_entre_60mais;Demografia;False;1928;39.903845;8.904812;34.146341;40.000000;45.161290;40.137743
12;pct_agua_inad;Saneamento;True;1083;0.339430;0.326171;0.061451;0.212500;0.585310;0.329200
12;pct_esgoto_inad;Saneamento;True;1082;0.417294;0.365912;0.065498;0.311967;0.809066;0.385391
12;pct_lixo_inad;Saneamento;True;1082;0.170400;0.286006;0.000000;0.016854;0.172167;0.155449
12;razao_moradores;Socioeconômica;True;1083;3.069720;0.363025;2.847779;3.027027;3.270135;3.059516
12;pct_analfab;Socioeconômica;True;1056;0.097360;0.056139;0.056135;0.090909;0.133067;0.092683
12;renda_media;Socioeconômica;True;1083;2397.667858;1798.156800;1453.510000;1870.730000;2657.445000;2397.667858
12;pct_raca_pretpardind;Socioeconômica;True;1083;0.759214;0.075479;0.727919;0.771812;0.805082;0.759049
12;pct_dom_improv;Morfologia;False;1008;0.000393;0.005665;0.000000;0.000000;0.000000;0.000286
12;pct_hab_precaria;Morfologia;False;1083;0.008606;0.028960;0.000000;0.000000;0.000000;0.010018
12;pct_moradia_convencional;Morfologia;False;1083;0.988028;0.029345;0.989361;1.000000;1.000000;0.987262
12;pct_moradia_nao_convencional;Morfologia;False;1083;0.008293;0.028472;0.000000;0.000000;0.000000;0.009806
12;pct_apartamento;Morfologia;False;947;0.080162;0.136527;0.000000;0.035714;0.101588;0.087702
12;pct_casa;Morfologia;False;1081;0.904419;0.143620;0.875969;0.952381;0.994152;0.894770
12;pct_casa_vila_condominio;Morfologia;False;919;0.017893;0.065795;0.000000;0.000000;0.000000;0.020378
12;pct_sem_agua_canalizada;Saneamento;False;1083;0.108041;0.143357;0.019293;0.059701;0.139010;0.903397
12;pct_agua_nao_encanada;Saneamento;False;776;0.031803;0.091803;0.000000;0.000000;0.024279;0.024526
12;pct_agua_so_terreno;Saneamento;False;912;0.095363;0.111229;0.022051;0.055175;0.128131;0.088968
12;pct_sem_banheiro;Saneamento;False;863;0.075731;0.112665;0.009232;0.034884;0.093370;0.063231
12;pct_sem_banheiro_nem_sanitario;Saneamento;False;859;0.004827;0.025869;0.000000;0.000000;0.000000;0.003457
12;pct_resp_feminino;Socioeconômica;False;1080;0.543356;0.092182;0.486344;0.548219;0.602241;0.545224
12;pct_crianca_0a4;Demografia;False;1077;0.080312;0.023642;0.063492;0.079840;0.093819;0.079663
12;pct_pop_0a14;Demografia;False;1081;0.249598;0.056305;0.212544;0.250000;0.286408;0.250514
12;pct_idoso_60mais;Demografia;False;1079;0.099482;0.043570;0.069175;0.091657;0.123046;0.097741
12;iep_setor;Demografia;False;1076;45.231067;31.483906;25.312643;36.197351;55.384347;39.015895
12;rdi_setor;Demografia;False;1079;15.460900;7.399278;10.608321;14.099783;18.793975;14.999575
12;prop_70mais_entre_60mais;Demografia;False;1059;42.950877;10.184478;36.363636;43.055556;48.912530;43.245724
13;pct_agua_inad;Saneamento;True;5054;0.245514;0.310313;0.017739;0.098592;0.354134;0.236726
13;pct_esgoto_inad;Saneamento;True;5054;0.436906;0.381335;0.046908;0.357549;0.852510;0.410962
13;pct_lixo_inad;Saneamento;True;5054;0.148943;0.268617;0.000000;0.000000;0.155527;0.128589
13;razao_moradores;Socioeconômica;True;5054;3.584166;0.661817;3.183308;3.477588;3.855459;3.536814
13;pct_analfab;Socioeconômica;True;4702;0.055992;0.051294;0.022864;0.040239;0.071140;0.054401
13;renda_media;Socioeconômica;True;5054;2473.156886;2770.412162;1389.642500;1726.335000;2338.980000;2473.156886
13;pct_raca_pretpardind;Socioeconômica;True;5054;0.785672;0.105654;0.740138;0.796149;0.850622;0.793702
13;pct_dom_improv;Morfologia;False;4619;0.000608;0.010587;0.000000;0.000000;0.000000;0.000446
13;pct_hab_precaria;Morfologia;False;5054;0.006617;0.024620;0.000000;0.000000;0.000000;0.007242
13;pct_moradia_convencional;Morfologia;False;5054;0.989865;0.024125;0.990291;1.000000;1.000000;0.990044
13;pct_moradia_nao_convencional;Morfologia;False;5054;0.006128;0.022705;0.000000;0.000000;0.000000;0.006890
13;pct_apartamento;Morfologia;False;4500;0.124273;0.233884;0.000000;0.040688;0.118925;0.139234
13;pct_casa;Morfologia;False;5009;0.854178;0.231006;0.835681;0.935897;0.989899;0.838580
13;pct_casa_vila_condominio;Morfologia;False;4240;0.038908;0.115196;0.000000;0.000000;0.033812;0.040828
13;pct_sem_agua_canalizada;Saneamento;False;5035;0.062237;0.146143;0.000000;0.009901;0.044734;0.947128
13;pct_agua_nao_encanada;Saneamento;False;3988;0.027071;0.110061;0.000000;0.000000;0.000000;0.020024
13;pct_agua_so_terreno;Saneamento;False;3822;0.051713;0.120410;0.000000;0.000000;0.042536;0.046613
13;pct_sem_banheiro;Saneamento;False;3901;0.056093;0.142443;0.000000;0.000000;0.034653;0.047640
13;pct_sem_banheiro_nem_sanitario;Saneamento;False;4494;0.002352;0.018458;0.000000;0.000000;0.000000;0.002024
13;pct_resp_feminino;Socioeconômica;False;5042;0.529754;0.097353;0.473523;0.537352;0.591605;0.532569
13;pct_crianca_0a4;Demografia;False;5032;0.082069;0.026830;0.063342;0.080931;0.098248;0.083603
13;pct_pop_0a14;Demografia;False;5052;0.253204;0.065004;0.209424;0.253055;0.294715;0.258765
13;pct_idoso_60mais;Demografia;False;5024;0.096429;0.048993;0.060972;0.087286;0.121852;0.091498
13;iep_setor;Demografia;False;5015;45.677865;39.798463;21.229646;34.108527;56.182671;35.368026
13;rdi_setor;Demografia;False;5024;14.972879;7.927105;9.442724;13.421366;18.750000;14.084579
13;prop_70mais_entre_60mais;Demografia;False;4877;39.064331;11.066272;32.142857;38.775510;45.454545;39.747875
14;pct_agua_inad;Saneamento;True;595;0.058422;0.178037;0.000000;0.000000;0.016166;0.053309
14;pct_esgoto_inad;Saneamento;True;595;0.168147;0.281031;0.000000;0.015000;0.192351;0.162868
14;pct_lixo_inad;Saneamento;True;595;0.053028;0.165020;0.000000;0.000000;0.012065;0.049028
14;razao_moradores;Socioeconômica;True;595;3.396196;0.357663;3.192198;3.385417;3.605283;3.398039
14;pct_analfab;Socioeconômica;True;572;0.041853;0.027983;0.020360;0.037340;0.056279;0.041245
14;renda_media;Socioeconômica;True;595;2839.512286;1809.566456;1751.350000;2189.700000;3257.175000;2839.512286
14;pct_raca_pretpardind;Socioeconômica;True;595;0.749353;0.086444;0.709850;0.766154;0.803028;0.757424
14;pct_dom_improv;Morfologia;False;494;0.004711;0.034264;0.000000;0.000000;0.000000;0.003910
14;pct_hab_precaria;Morfologia;False;595;0.007410;0.041294;0.000000;0.000000;0.000000;0.006851
14;pct_moradia_convencional;Morfologia;False;595;0.993368;0.029092;0.993949;1.000000;1.000000;0.993807
14;pct_moradia_nao_convencional;Morfologia;False;595;0.004023;0.028824;0.000000;0.000000;0.000000;0.004042
14;pct_apartamento;Morfologia;False;537;0.125928;0.182302;0.025140;0.071207;0.160793;0.121135
14;pct_casa;Morfologia;False;591;0.805541;0.183366;0.728307;0.829932;0.948718;0.807180
14;pct_casa_vila_condominio;Morfologia;False;534;0.088681;0.102005;0.012127;0.047947;0.134251;0.089987
14;pct_sem_agua_canalizada;Saneamento;False;595;0.018272;0.043022;0.000000;0.004202;0.016181;0.982639
14;pct_agua_nao_encanada;Saneamento;False;522;0.004443;0.023471;0.000000;0.000000;0.000000;0.003855
14;pct_agua_so_terreno;Saneamento;False;435;0.015778;0.031302;0.000000;0.000000;0.019116;0.016403
14;pct_sem_banheiro;Saneamento;False;440;0.010459;0.023910;0.000000;0.000000;0.011461;0.010087
14;pct_sem_banheiro_nem_sanitario;Saneamento;False;553;0.000802;0.007045;0.000000;0.000000;0.000000;0.000652
14;pct_resp_feminino;Socioeconômica;False;595;0.529202;0.079659;0.477778;0.532609;0.584723;0.529853
14;pct_crianca_0a4;Demografia;False;594;0.090149;0.022625;0.074666;0.089874;0.104933;0.091701
14;pct_pop_0a14;Demografia;False;595;0.263060;0.052196;0.229878;0.263965;0.298569;0.268455
14;pct_idoso_60mais;Demografia;False;594;0.083070;0.036966;0.058939;0.075838;0.102112;0.077662
14;iep_setor;Demografia;False;593;35.174667;23.923297;19.742489;29.032258;42.857143;28.930260
14;rdi_setor;Demografia;False;594;12.766470;5.828770;8.859374;11.631542;15.711811;11.877691
14;prop_70mais_entre_60mais;Demografia;False;587;37.818664;9.127636;31.738400;37.037037;43.243243;37.982282
15;pct_agua_inad;Saneamento;True;9646;0.430820;0.366992;0.071429;0.349764;0.801876;0.423854
15;pct_esgoto_inad;Saneamento;True;9646;0.449884;0.406253;0.034808;0.325990;0.919843;0.437449
15;pct_lixo_inad;Saneamento;True;9645;0.121600;0.241743;0.000000;0.010526;0.100478;0.102321
15;razao_moradores;Socioeconômica;True;9646;3.215983;0.401431;2.983751;3.171910;3.387097;3.219541
15;pct_analfab;Socioeconômica;True;9226;0.070059;0.052437;0.030769;0.057081;0.097701;0.066301
15;renda_media;Socioeconômica;True;9643;2251.561865;2174.083642;1344.970000;1708.610000;2387.185000;2251.561865
15;pct_raca_pretpardind;Socioeconômica;True;9646;0.780693;0.083044;0.744306;0.791743;0.830986;0.781759
15;pct_dom_improv;Morfologia;False;8922;0.000415;0.007649;0.000000;0.000000;0.000000;0.000412
15;pct_hab_precaria;Morfologia;False;9646;0.003182;0.019922;0.000000;0.000000;0.000000;0.003519
15;pct_moradia_convencional;Morfologia;False;9646;0.993860;0.022463;0.994350;1.000000;1.000000;0.994346
15;pct_moradia_nao_convencional;Morfologia;False;9646;0.002935;0.020761;0.000000;0.000000;0.000000;0.003185
15;pct_apartamento;Morfologia;False;8692;0.061807;0.188789;0.000000;0.000000;0.016393;0.074270
15;pct_casa;Morfologia;False;9586;0.887096;0.200729;0.880475;0.966828;1.000000;0.873640
15;pct_casa_vila_condominio;Morfologia;False;8307;0.065710;0.117746;0.000000;0.023392;0.083333;0.070381
15;pct_sem_agua_canalizada;Saneamento;False;9635;0.074865;0.133622;0.004425;0.022989;0.080673;0.932294
15;pct_agua_nao_encanada;Saneamento;False;7439;0.026164;0.082401;0.000000;0.000000;0.016667;0.022603
15;pct_agua_so_terreno;Saneamento;False;7456;0.065397;0.117194;0.000000;0.023256;0.073693;0.060632
15;pct_sem_banheiro;Saneamento;False;7259;0.037812;0.087574;0.000000;0.000000;0.034804;0.032316
15;pct_sem_banheiro_nem_sanitario;Saneamento;False;8417;0.001190;0.011132;0.000000;0.000000;0.000000;0.000967
15;pct_resp_feminino;Socioeconômica;False;9612;0.529442;0.106907;0.466667;0.535519;0.600000;0.533324
15;pct_crianca_0a4;Demografia;False;9578;0.073667;0.024706;0.056198;0.071982;0.089015;0.073892
15;pct_pop_0a14;Demografia;False;9638;0.230552;0.059022;0.189955;0.229077;0.270811;0.232961
15;pct_idoso_60mais;Demografia;False;9587;0.111785;0.056587;0.070930;0.102845;0.143762;0.110063
15;iep_setor;Demografia;False;9571;58.273888;49.381680;26.600625;44.210526;73.581609;47.251586
15;rdi_setor;Demografia;False;9587;17.286171;9.396346;10.679612;15.576923;21.929486;16.756803
15;prop_70mais_entre_60mais;Demografia;False;9299;41.138018;10.379542;35.294118;41.463415;47.169811;42.519565
16;pct_agua_inad;Saneamento;True;998;0.517847;0.366957;0.153712;0.510990;0.906583;0.528466
16;pct_esgoto_inad;Saneamento;True;998;0.488504;0.368247;0.097050;0.516297;0.862708;0.469309
16;pct_lixo_inad;Saneamento;True;998;0.123720;0.251388;0.000000;0.000000;0.102471;0.108216
16;razao_moradores;Socioeconômica;True;998;3.629534;0.393693;3.360535;3.609936;3.885911;3.602535
16;pct_analfab;Socioeconômica;True;961;0.059902;0.039706;0.030675;0.051948;0.080645;0.057446
16;renda_media;Socioeconômica;True;998;2608.445992;1663.632070;1504.422500;2159.485000;3128.135000;2608.445992
16;pct_raca_pretpardind;Socioeconômica;True;998;0.770056;0.066807;0.734212;0.775681;0.812228;0.771988
16;pct_dom_improv;Morfologia;False;897;0.000564;0.005148;0.000000;0.000000;0.000000;0.000678
16;pct_hab_precaria;Morfologia;False;998;0.005752;0.019786;0.000000;0.000000;0.000000;0.005710
16;pct_moradia_convencional;Morfologia;False;998;0.988997;0.022972;0.988660;1.000000;1.000000;0.991143
16;pct_moradia_nao_convencional;Morfologia;False;998;0.005335;0.019386;0.000000;0.000000;0.000000;0.005202
16;pct_apartamento;Morfologia;False;848;0.094028;0.180241;0.000000;0.030944;0.111218;0.115946
16;pct_casa;Morfologia;False;989;0.881220;0.165806;0.840741;0.932432;0.983871;0.861767
16;pct_casa_vila_condominio;Morfologia;False;833;0.042925;0.094008;0.000000;0.011799;0.055118;0.049169
16;pct_sem_agua_canalizada;Saneamento;False;997;0.122929;0.192118;0.012605;0.043478;0.134921;0.888310
16;pct_agua_nao_encanada;Saneamento;False;735;0.036406;0.117715;0.000000;0.000000;0.019705;0.028954
16;pct_agua_so_terreno;Saneamento;False;795;0.114334;0.170724;0.015267;0.047059;0.133631;0.106709
16;pct_sem_banheiro;Saneamento;False;725;0.036678;0.092054;0.000000;0.000000;0.030864;0.033241
16;pct_sem_banheiro_nem_sanitario;Saneamento;False;875;0.001081;0.007918;0.000000;0.000000;0.000000;0.001073
16;pct_resp_feminino;Socioeconômica;False;995;0.542489;0.086664;0.492552;0.542683;0.593596;0.544985
16;pct_crianca_0a4;Demografia;False;990;0.085954;0.028379;0.066687;0.083614;0.103080;0.086856
16;pct_pop_0a14;Demografia;False;995;0.259422;0.060621;0.214545;0.258551;0.303099;0.263200
16;pct_idoso_60mais;Demografia;False;991;0.086300;0.041951;0.057471;0.076806;0.107723;0.084068
16;iep_setor;Demografia;False;988;38.715136;29.306534;19.141114;29.516317;48.455591;31.955346
16;rdi_setor;Demografia;False;991;13.239920;6.505336;8.879928;11.816578;16.272693;12.881097
16;prop_70mais_entre_60mais;Demografia;False;948;39.105701;10.987580;32.295285;38.315603;45.077327;39.606664
17;pct_agua_inad;Saneamento;True;2517;0.063919;0.152456;0.000000;0.000000;0.052198;0.048649
17;pct_esgoto_inad;Saneamento;True;2517;0.421798;0.426149;0.000000;0.194805;0.930000;0.416065
17;pct_lixo_inad;Saneamento;True;2517;0.091215;0.225102;0.000000;0.000000;0.037037;0.069621
17;razao_moradores;Socioeconômica;True;2517;2.925578;0.334244;2.744589;2.926154;3.120000;2.922516
17;pct_analfab;Socioeconômica;True;2319;0.077862;0.055532;0.034818;0.068132;0.114286;0.076599
17;renda_media;Socioeconômica;True;2516;2905.601789;2398.606605;1684.352500;2187.400000;3149.367500;2905.601789
17;pct_raca_pretpardind;Socioeconômica;True;2517;0.740902;0.112160;0.688636;0.764103;0.812030;0.751601
17;pct_dom_improv;Morfologia;False;2328;0.000716;0.009563;0.000000;0.000000;0.000000;0.000469
17;pct_hab_precaria;Morfologia;False;2517;0.005047;0.023960;0.000000;0.000000;0.000000;0.005685
17;pct_moradia_convencional;Morfologia;False;2517;0.992128;0.025101;0.994505;1.000000;1.000000;0.992256
17;pct_moradia_nao_convencional;Morfologia;False;2517;0.004450;0.022370;0.000000;0.000000;0.000000;0.005290
17;pct_apartamento;Morfologia;False;2296;0.049159;0.183673;0.000000;0.000000;0.000000;0.042390
17;pct_casa;Morfologia;False;2494;0.929543;0.186117;0.965147;1.000000;1.000000;0.934993
17;pct_casa_vila_condominio;Morfologia;False;2214;0.029827;0.096006;0.000000;0.000000;0.000000;0.028708
17;pct_sem_agua_canalizada;Saneamento;False;2517;0.016676;0.046822;0.000000;0.000000;0.013889;0.987043
17;pct_agua_nao_encanada;Saneamento;False;2147;0.002928;0.022636;0.000000;0.000000;0.000000;0.002045
17;pct_agua_so_terreno;Saneamento;False;1904;0.012293;0.042459;0.000000;0.000000;0.000000;0.011182
17;pct_sem_banheiro;Saneamento;False;1976;0.007932;0.035535;0.000000;0.000000;0.000000;0.006417
17;pct_sem_banheiro_nem_sanitario;Saneamento;False;2304;0.001006;0.009017;0.000000;0.000000;0.000000;0.000762
17;pct_resp_feminino;Socioeconômica;False;2497;0.503959;0.114602;0.431373;0.501901;0.583333;0.511349
17;pct_crianca_0a4;Demografia;False;2458;0.076607;0.023530;0.061021;0.075472;0.089945;0.076664
17;pct_pop_0a14;Demografia;False;2506;0.227315;0.057392;0.192696;0.228119;0.264358;0.232165
17;pct_idoso_60mais;Demografia;False;2478;0.115554;0.058141;0.073720;0.108746;0.153562;0.114492
17;iep_setor;Demografia;False;2453;57.807592;43.954782;29.661017;48.404255;74.842767;49.323744
17;rdi_setor;Demografia;False;2477;18.330149;10.854594;10.884354;16.666667;24.331551;17.537189
17;prop_70mais_entre_60mais;Demografia;False;2350;44.421412;11.988881;38.297872;44.680851;50.495050;45.706064
21;pct_agua_inad;Saneamento;True;7720;0.245713;0.315877;0.000000;0.077505;0.427926;0.235075
21;pct_esgoto_inad;Saneamento;True;7720;0.456243;0.416412;0.032538;0.314131;0.942308;0.464037
21;pct_lixo_inad;Saneamento;True;7718;0.148535;0.253744;0.000000;0.028037;0.165379;0.128295
21;razao_moradores;Socioeconômica;True;7720;3.154142;0.334055;2.981588;3.158017;3.334635;3.161851
21;pct_analfab;Socioeconômica;True;7431;0.110826;0.074991;0.049640;0.098361;0.161593;0.111747
21;renda_media;Socioeconômica;True;7720;2034.352210;2192.421246;1241.362500;1538.745000;2097.882500;2034.352210
21;pct_raca_pretpardind;Socioeconômica;True;7720;0.768450;0.092857;0.722953;0.784023;0.829018;0.774555
21;pct_dom_improv;Morfologia;False;7219;0.000346;0.005738;0.000000;0.000000;0.000000;0.000303
21;pct_hab_precaria;Morfologia;False;7720;0.005332;0.024282;0.000000;0.000000;0.000000;0.005660
21;pct_moradia_convencional;Morfologia;False;7720;0.992607;0.024503;0.995098;1.000000;1.000000;0.992596
21;pct_moradia_nao_convencional;Morfologia;False;7720;0.005055;0.023613;0.000000;0.000000;0.000000;0.005421
21;pct_apartamento;Morfologia;False;7108;0.062864;0.221931;0.000000;0.000000;0.000000;0.061594
21;pct_casa;Morfologia;False;7628;0.921665;0.208154;0.958107;0.995633;1.000000;0.922099
21;pct_casa_vila_condominio;Morfologia;False;6716;0.027639;0.094044;0.000000;0.000000;0.015826;0.028107
21;pct_sem_agua_canalizada;Saneamento;False;7713;0.103048;0.163726;0.004444;0.028125;0.129167;0.900922
21;pct_agua_nao_encanada;Saneamento;False;6063;0.030672;0.090031;0.000000;0.000000;0.019355;0.028788
21;pct_agua_so_terreno;Saneamento;False;6344;0.091805;0.133925;0.000000;0.035714;0.125589;0.089078
21;pct_sem_banheiro;Saneamento;False;6094;0.060061;0.105104;0.000000;0.018987;0.070124;0.055501
21;pct_sem_banheiro_nem_sanitario;Saneamento;False;6231;0.005784;0.026589;0.000000;0.000000;0.000000;0.004892
21;pct_resp_feminino;Socioeconômica;False;7706;0.556769;0.094846;0.500000;0.561644;0.621752;0.559170
21;pct_crianca_0a4;Demografia;False;7681;0.072831;0.022611;0.057579;0.071523;0.086375;0.073439
21;pct_pop_0a14;Demografia;False;7714;0.228726;0.054188;0.191309;0.228588;0.264338;0.232573
21;pct_idoso_60mais;Demografia;False;7690;0.120196;0.053415;0.081506;0.115193;0.152664;0.118658
21;iep_setor;Demografia;False;7681;60.221567;43.082856;31.914894;49.305556;76.315789;51.024132
21;rdi_setor;Demografia;False;7690;18.850908;9.398579;12.366926;17.794011;23.869458;18.292767
21;prop_70mais_entre_60mais;Demografia;False;7545;44.146192;10.077600;38.016529;44.628099;50.248756;45.467546
22;pct_agua_inad;Saneamento;True;3906;0.080766;0.186804;0.000000;0.000000;0.061000;0.069037
22;pct_esgoto_inad;Saneamento;True;3906;0.419924;0.418861;0.011091;0.227594;0.927874;0.413671
22;pct_lixo_inad;Saneamento;True;3906;0.078008;0.183803;0.000000;0.000000;0.059783;0.064824
22;razao_moradores;Socioeconômica;True;3906;3.041069;0.284841;2.856238;3.034953;3.226584;3.036850
22;pct_analfab;Socioeconômica;True;3820;0.127448;0.075815;0.069460;0.119718;0.175523;0.123383
22;renda_media;Socioeconômica;True;3906;2134.142983;1877.509848;1267.905000;1575.090000;2222.135000;2134.142983
22;pct_raca_pretpardind;Socioeconômica;True;3906;0.752679;0.102847;0.700428;0.774813;0.824421;0.754059
22;pct_dom_improv;Morfologia;False;3628;0.000152;0.002369;0.000000;0.000000;0.000000;0.000135
22;pct_hab_precaria;Morfologia;False;3906;0.000982;0.007673;0.000000;0.000000;0.000000;0.000922
22;pct_moradia_convencional;Morfologia;False;3906;0.997018;0.009468;0.997275;1.000000;1.000000;0.997388
22;pct_moradia_nao_convencional;Morfologia;False;3906;0.000861;0.007359;0.000000;0.000000;0.000000;0.000817
22;pct_apartamento;Morfologia;False;3463;0.069483;0.207918;0.000000;0.000000;0.015244;0.074030
22;pct_casa;Morfologia;False;3883;0.932708;0.194282;0.976278;1.000000;1.000000;0.929426
22;pct_casa_vila_condominio;Morfologia;False;3531;0.009070;0.062159;0.000000;0.000000;0.000000;0.009438
22;pct_sem_agua_canalizada;Saneamento;False;3904;0.039778;0.097669;0.000000;0.007143;0.031646;0.964205
22;pct_agua_nao_encanada;Saneamento;False;3073;0.015006;0.060675;0.000000;0.000000;0.000000;0.013911
22;pct_agua_so_terreno;Saneamento;False;2937;0.031840;0.080781;0.000000;0.000000;0.027950;0.029566
22;pct_sem_banheiro;Saneamento;False;2830;0.018253;0.045214;0.000000;0.000000;0.018223;0.016086
22;pct_sem_banheiro_nem_sanitario;Saneamento;False;3257;0.004720;0.021874;0.000000;0.000000;0.000000;0.003719
22;pct_resp_feminino;Socioeconômica;False;3900;0.546116;0.100700;0.482089;0.548584;0.614941;0.546538
22;pct_crianca_0a4;Demografia;False;3883;0.067214;0.023718;0.051331;0.064748;0.080319;0.066362
22;pct_pop_0a14;Demografia;False;3900;0.206812;0.054350;0.169627;0.203004;0.243107;0.206805
22;pct_idoso_60mais;Demografia;False;3882;0.143821;0.066645;0.094153;0.139109;0.187688;0.142867
22;iep_setor;Demografia;False;3876;82.719524;62.862524;40.000000;68.239134;107.973451;69.121646
22;rdi_setor;Demografia;False;3882;22.695844;11.607714;14.181796;21.328645;29.728028;21.969152
22;prop_70mais_entre_60mais;Demografia;False;3803;45.796310;10.656915;39.300977;46.616541;52.272727;47.136670
23;pct_agua_inad;Saneamento;True;12740;0.112167;0.222005;0.000000;0.017897;0.103957;0.097491
23;pct_esgoto_inad;Saneamento;True;12738;0.308398;0.377750;0.000000;0.080000;0.669405;0.278734
23;pct_lixo_inad;Saneamento;True;12740;0.117213;0.241202;0.000000;0.000000;0.090909;0.100660
23;razao_moradores;Socioeconômica;True;12740;2.887184;0.269066;2.728348;2.890411;3.047074;2.879808
23;pct_analfab;Socioeconômica;True;12381;0.120385;0.079811;0.059016;0.105072;0.169355;0.109037
23;renda_media;Socioeconômica;True;12739;2048.384696;2037.451657;1187.295000;1465.530000;2027.740000;2048.384696
23;pct_raca_pretpardind;Socioeconômica;True;12740;0.701146;0.113122;0.642707;0.717517;0.774856;0.700799
23;pct_dom_improv;Morfologia;False;11984;0.000298;0.006602;0.000000;0.000000;0.000000;0.000221
23;pct_hab_precaria;Morfologia;False;12740;0.001024;0.011831;0.000000;0.000000;0.000000;0.000996
23;pct_moradia_convencional;Morfologia;False;12740;0.996002;0.014315;0.996251;1.000000;1.000000;0.997018
23;pct_moradia_nao_convencional;Morfologia;False;12740;0.000771;0.010007;0.000000;0.000000;0.000000;0.000814
23;pct_apartamento;Morfologia;False;11144;0.126125;0.243521;0.000000;0.023891;0.115159;0.148098
23;pct_casa;Morfologia;False;12617;0.861721;0.235649;0.850000;0.962319;1.000000;0.839758
23;pct_casa_vila_condominio;Morfologia;False;11379;0.036136;0.105130;0.000000;0.000000;0.022599;0.040575
23;pct_sem_agua_canalizada;Saneamento;False;12728;0.032619;0.087144;0.000000;0.007299;0.025782;0.974674
23;pct_agua_nao_encanada;Saneamento;False;9360;0.018632;0.073517;0.000000;0.000000;0.010833;0.014813
23;pct_agua_so_terreno;Saneamento;False;9273;0.018895;0.061436;0.000000;0.000000;0.011321;0.015370
23;pct_sem_banheiro;Saneamento;False;9563;0.012069;0.047641;0.000000;0.000000;0.000000;0.009968
23;pct_sem_banheiro_nem_sanitario;Saneamento;False;11337;0.000933;0.009071;0.000000;0.000000;0.000000;0.000727
23;pct_resp_feminino;Socioeconômica;False;12716;0.554717;0.101956;0.492701;0.560166;0.623421;0.553227
23;pct_crianca_0a4;Demografia;False;12551;0.064391;0.021385;0.049839;0.063380;0.077600;0.064505
23;pct_pop_0a14;Demografia;False;12703;0.200119;0.050769;0.168421;0.201536;0.233189;0.202305
23;pct_idoso_60mais;Demografia;False;12682;0.147077;0.062466;0.102192;0.139932;0.184906;0.142216
23;iep_setor;Demografia;False;12608;86.443431;79.362643;44.827586;69.613084;105.619733;70.301026
23;rdi_setor;Demografia;False;12679;23.208244;12.214917;15.269139;21.374046;29.107809;21.704200
23;prop_70mais_entre_60mais;Demografia;False;12439;46.442831;10.716628;40.000000;46.666667;52.777778;47.177271
24;pct_agua_inad;Saneamento;True;4100;0.071894;0.182271;0.000000;0.000000;0.041405;0.057409
24;pct_esgoto_inad;Saneamento;True;4100;0.324909;0.390839;0.000000;0.068293;0.761508;0.318919
24;pct_lixo_inad;Saneamento;True;4100;0.058478;0.164108;0.000000;0.000000;0.029229;0.052996
24;razao_moradores;Socioeconômica;True;4100;2.865399;0.244029;2.730568;2.878049;3.009050;2.858107
24;pct_analfab;Socioeconômica;True;4004;0.118425;0.073526;0.059704;0.112051;0.167624;0.113990
24;renda_media;Socioeconômica;True;4099;2429.870481;2291.573289;1345.130000;1716.380000;2399.570000;2429.870481
24;pct_raca_pretpardind;Socioeconômica;True;4100;0.585882;0.115047;0.521321;0.607310;0.667996;0.586512
24;pct_dom_improv;Morfologia;False;3792;0.000486;0.010852;0.000000;0.000000;0.000000;0.000551
24;pct_hab_precaria;Morfologia;False;4100;0.001020;0.012063;0.000000;0.000000;0.000000;0.001100
24;pct_moradia_convencional;Morfologia;False;4100;0.997002;0.008363;0.996307;1.000000;1.000000;0.997489
24;pct_moradia_nao_convencional;Morfologia;False;4100;0.000596;0.006148;0.000000;0.000000;0.000000;0.000615
24;pct_apartamento;Morfologia;False;3564;0.111687;0.249112;0.000000;0.000000;0.061244;0.127551
24;pct_casa;Morfologia;False;4063;0.868588;0.239804;0.875000;0.973568;1.000000;0.851235
24;pct_casa_vila_condominio;Morfologia;False;3579;0.044868;0.102377;0.000000;0.000000;0.044693;0.049552
24;pct_sem_agua_canalizada;Saneamento;False;4093;0.035059;0.091560;0.000000;0.006550;0.027027;0.969381
24;pct_agua_nao_encanada;Saneamento;False;3127;0.021772;0.079577;0.000000;0.000000;0.013158;0.017266
24;pct_agua_so_terreno;Saneamento;False;3011;0.021952;0.068659;0.000000;0.000000;0.017583;0.020489
24;pct_sem_banheiro;Saneamento;False;3184;0.006661;0.028598;0.000000;0.000000;0.000000;0.005992
24;pct_sem_banheiro_nem_sanitario;Saneamento;False;3766;0.000265;0.003062;0.000000;0.000000;0.000000;0.000231
24;pct_resp_feminino;Socioeconômica;False;4093;0.511084;0.101992;0.444444;0.511628;0.578378;0.509913
24;pct_crianca_0a4;Demografia;False;4083;0.060989;0.020171;0.046421;0.060000;0.073845;0.061554
24;pct_pop_0a14;Demografia;False;4098;0.194012;0.049484;0.160789;0.194151;0.228348;0.196486
24;pct_idoso_60mais;Demografia;False;4095;0.152864;0.067292;0.103250;0.145125;0.197680;0.148903
24;iep_setor;Demografia;False;4086;93.428845;71.043740;45.525720;74.385930;119.712975;75.788324
24;rdi_setor;Demografia;False;4095;24.005785;11.947972;15.431183;22.085890;30.924403;22.748766
24;prop_70mais_entre_60mais;Demografia;False;4064;45.261935;9.646515;39.175258;45.660733;51.515152;46.607987
25;pct_agua_inad;Saneamento;True;6308;0.114623;0.239556;0.000000;0.000000;0.088686;0.107298
25;pct_esgoto_inad;Saneamento;True;6308;0.247802;0.347592;0.000000;0.037037;0.435294;0.238713
25;pct_lixo_inad;Saneamento;True;6307;0.078849;0.188652;0.000000;0.000000;0.046980;0.068104
25;razao_moradores;Socioeconômica;True;6308;2.857489;0.279352;2.705652;2.869666;3.021529;2.862565
25;pct_analfab;Socioeconômica;True;6016;0.135108;0.086655;0.063585;0.128063;0.192308;0.133005
25;renda_media;Socioeconômica;True;6306;2263.980726;2227.959362;1213.132500;1532.665000;2229.052500;2263.980726
25;pct_raca_pretpardind;Socioeconômica;True;6308;0.625341;0.117364;0.560382;0.642857;0.703337;0.628363
25;pct_dom_improv;Morfologia;False;5929;0.000686;0.014571;0.000000;0.000000;0.000000;0.000415
25;pct_hab_precaria;Morfologia;False;6308;0.001857;0.021734;0.000000;0.000000;0.000000;0.001215
25;pct_moradia_convencional;Morfologia;False;6308;0.995422;0.021179;0.995881;1.000000;1.000000;0.996884
25;pct_moradia_nao_convencional;Morfologia;False;6308;0.001266;0.017025;0.000000;0.000000;0.000000;0.000862
25;pct_apartamento;Morfologia;False;5565;0.173486;0.290215;0.000000;0.031674;0.173759;0.182868
25;pct_casa;Morfologia;False;6250;0.827190;0.276505;0.814286;0.960080;0.996387;0.821316
25;pct_casa_vila_condominio;Morfologia;False;5657;0.025409;0.086194;0.000000;0.000000;0.000000;0.023533
25;pct_sem_agua_canalizada;Saneamento;False;6303;0.041901;0.112467;0.000000;0.004184;0.026316;0.960306
25;pct_agua_nao_encanada;Saneamento;False;5207;0.034232;0.107534;0.000000;0.000000;0.015873;0.033280
25;pct_agua_so_terreno;Saneamento;False;5015;0.012808;0.051175;0.000000;0.000000;0.000000;0.012693
25;pct_sem_banheiro;Saneamento;False;5138;0.009045;0.046205;0.000000;0.000000;0.000000;0.007976
25;pct_sem_banheiro_nem_sanitario;Saneamento;False;5829;0.000563;0.010273;0.000000;0.000000;0.000000;0.000355
25;pct_resp_feminino;Socioeconômica;False;6283;0.539697;0.109265;0.467816;0.539877;0.615535;0.539925
25;pct_crianca_0a4;Demografia;False;6216;0.065545;0.022762;0.050000;0.064181;0.079328;0.066781
25;pct_pop_0a14;Demografia;False;6292;0.202215;0.056511;0.165938;0.202064;0.238784;0.207047
25;pct_idoso_60mais;Demografia;False;6265;0.156640;0.068221;0.108209;0.152047;0.200422;0.151445
25;iep_setor;Demografia;False;6218;92.397531;76.923505;45.544191;74.736842;118.480931;73.141886
25;rdi_setor;Demografia;False;6262;25.223345;13.100664;16.461186;23.595506;32.082731;23.616990
25;prop_70mais_entre_60mais;Demografia;False;6128;46.599149;10.341298;40.476190;47.058824;53.090677;47.854350
26;pct_agua_inad;Saneamento;True;13712;0.199659;0.281701;0.000000;0.063013;0.273090;0.185997
26;pct_esgoto_inad;Saneamento;True;13712;0.274211;0.341032;0.000000;0.085366;0.510667;0.251316
26;pct_lixo_inad;Saneamento;True;13712;0.139369;0.233281;0.000000;0.023188;0.170312;0.123964
26;razao_moradores;Socioeconômica;True;13712;2.803862;0.258332;2.660222;2.803419;2.949208;2.801292
26;pct_analfab;Socioeconômica;True;13198;0.114721;0.077666;0.054161;0.101290;0.161850;0.111160
26;renda_media;Socioeconômica;True;13710;2203.014955;2404.160131;1188.152500;1470.790000;2082.715000;2203.014955
26;pct_raca_pretpardind;Socioeconômica;True;13712;0.649434;0.124953;0.585264;0.670327;0.735791;0.650448
26;pct_dom_improv;Morfologia;False;12878;0.000575;0.010862;0.000000;0.000000;0.000000;0.000437
26;pct_hab_precaria;Morfologia;False;13712;0.002402;0.020945;0.000000;0.000000;0.000000;0.002183
26;pct_moradia_convencional;Morfologia;False;13711;0.995646;0.019906;0.996241;1.000000;1.000000;0.996291
26;pct_moradia_nao_convencional;Morfologia;False;13712;0.001928;0.018138;0.000000;0.000000;0.000000;0.001814
26;pct_apartamento;Morfologia;False;12324;0.136705;0.285871;0.000000;0.000000;0.078591;0.148281
26;pct_casa;Morfologia;False;13526;0.868219;0.267491;0.910735;0.988450;1.000000;0.859258
26;pct_casa_vila_condominio;Morfologia;False;12214;0.018259;0.088360;0.000000;0.000000;0.000000;0.017895
26;pct_sem_agua_canalizada;Saneamento;False;13680;0.083233;0.161215;0.003481;0.019231;0.078431;0.924369
26;pct_agua_nao_encanada;Saneamento;False;10586;0.053637;0.138190;0.000000;0.000000;0.039422;0.047051
26;pct_agua_so_terreno;Saneamento;False;10414;0.051790;0.109915;0.000000;0.013043;0.050980;0.048726
26;pct_sem_banheiro;Saneamento;False;10580;0.012978;0.049778;0.000000;0.000000;0.000000;0.011086
26;pct_sem_banheiro_nem_sanitario;Saneamento;False;12332;0.000950;0.010719;0.000000;0.000000;0.000000;0.000675
26;pct_resp_feminino;Socioeconômica;False;13687;0.555746;0.097446;0.494118;0.561151;0.624046;0.557500
26;pct_crianca_0a4;Demografia;False;13611;0.064666;0.022289;0.049233;0.062967;0.078240;0.064837
26;pct_pop_0a14;Demografia;False;13700;0.204442;0.053580;0.169115;0.204049;0.238507;0.206476
26;pct_idoso_60mais;Demografia;False;13678;0.148106;0.064464;0.102019;0.141184;0.186786;0.146357
26;iep_setor;Demografia;False;13633;86.024799;66.414667;43.315508;68.421053;107.633588;70.888962
26;rdi_setor;Demografia;False;13677;23.450245;12.363207;15.447154;21.714286;29.494382;22.619799
26;prop_70mais_entre_60mais;Demografia;False;13455;43.682263;9.861267;37.500000;44.047619;50.000000;45.105959
27;pct_agua_inad;Saneamento;True;4015;0.236264;0.328974;0.000000;0.062500;0.335347;0.230997
27;pct_esgoto_inad;Saneamento;True;4015;0.446446;0.410213;0.019592;0.361702;0.913340;0.417032
27;pct_lixo_inad;Saneamento;True;4015;0.121013;0.245096;0.000000;0.000000;0.092206;0.103884
27;razao_moradores;Socioeconômica;True;4015;2.968398;0.276117;2.827276;2.975871;3.125000;2.964312
27;pct_analfab;Socioeconômica;True;3912;0.156087;0.093242;0.085206;0.150000;0.220000;0.147049
27;renda_media;Socioeconômica;True;4014;2090.607095;2037.570694;1186.950000;1478.840000;2066.950000;2090.607095
27;pct_raca_pretpardind;Socioeconômica;True;4015;0.694222;0.098419;0.658032;0.708046;0.751760;0.692331
27;pct_dom_improv;Morfologia;False;3712;0.000739;0.014766;0.000000;0.000000;0.000000;0.000447
27;pct_hab_precaria;Morfologia;False;4015;0.001101;0.014953;0.000000;0.000000;0.000000;0.000880
27;pct_moradia_convencional;Morfologia;False;4015;0.997140;0.009297;0.996875;1.000000;1.000000;0.997658
27;pct_moradia_nao_convencional;Morfologia;False;4015;0.000475;0.005247;0.000000;0.000000;0.000000;0.000520
27;pct_apartamento;Morfologia;False;3659;0.095868;0.263792;0.000000;0.000000;0.008955;0.107727
27;pct_casa;Morfologia;False;3955;0.872307;0.262865;0.907938;0.988506;1.000000;0.859974
27;pct_casa_vila_condominio;Morfologia;False;3508;0.057800;0.152932;0.000000;0.000000;0.039847;0.062677
27;pct_sem_agua_canalizada;Saneamento;False;4010;0.045729;0.117399;0.000000;0.006098;0.031658;0.959262
27;pct_agua_nao_encanada;Saneamento;False;3236;0.027421;0.095248;0.000000;0.000000;0.012889;0.024055
27;pct_agua_so_terreno;Saneamento;False;3056;0.027579;0.077111;0.000000;0.000000;0.019324;0.025236
27;pct_sem_banheiro;Saneamento;False;3158;0.015350;0.062265;0.000000;0.000000;0.000000;0.012909
27;pct_sem_banheiro_nem_sanitario;Saneamento;False;3592;0.001215;0.012239;0.000000;0.000000;0.000000;0.000773
27;pct_resp_feminino;Socioeconômica;False;4003;0.536480;0.101885;0.469475;0.538462;0.606817;0.538268
27;pct_crianca_0a4;Demografia;False;3994;0.072208;0.022813;0.056452;0.071541;0.086440;0.072328
27;pct_pop_0a14;Demografia;False;4013;0.222144;0.053754;0.187592;0.223301;0.256410;0.223938
27;pct_idoso_60mais;Demografia;False;3999;0.130650;0.056346;0.090413;0.124304;0.163892;0.128739
27;iep_setor;Demografia;False;3989;68.054072;50.084645;35.754190;55.747126;84.705882;57.497816
27;rdi_setor;Demografia;False;3999;20.575790;9.984080;13.709508;19.256018;25.807080;19.890477
27;prop_70mais_entre_60mais;Demografia;False;3943;41.650566;9.984963;35.689311;41.935484;47.457627;43.049191
28;pct_agua_inad;Saneamento;True;3463;0.075329;0.187243;0.000000;0.000000;0.043692;0.056082
28;pct_esgoto_inad;Saneamento;True;3463;0.255396;0.353582;0.000000;0.040698;0.488441;0.221376
28;pct_lixo_inad;Saneamento;True;3463;0.064682;0.175243;0.000000;0.000000;0.030303;0.053487
28;razao_moradores;Socioeconômica;True;3463;2.811368;0.246935;2.666667;2.822314;2.963270;2.804709
28;pct_analfab;Socioeconômica;True;3323;0.118700;0.079177;0.056248;0.108696;0.166667;0.109381
28;renda_media;Socioeconômica;True;3461;2224.249104;2198.633467;1169.680000;1509.890000;2211.580000;2224.249104
28;pct_raca_pretpardind;Socioeconômica;True;3463;0.736567;0.100488;0.685102;0.753769;0.802172;0.732522
28;pct_dom_improv;Morfologia;False;3253;0.001166;0.020014;0.000000;0.000000;0.000000;0.000657
28;pct_hab_precaria;Morfologia;False;3463;0.002016;0.027410;0.000000;0.000000;0.000000;0.001120
28;pct_moradia_convencional;Morfologia;False;3463;0.996152;0.019492;0.996055;1.000000;1.000000;0.997269
28;pct_moradia_nao_convencional;Morfologia;False;3463;0.001044;0.017828;0.000000;0.000000;0.000000;0.000538
28;pct_apartamento;Morfologia;False;3180;0.119003;0.287179;0.000000;0.000000;0.026053;0.147316
28;pct_casa;Morfologia;False;3401;0.866319;0.269713;0.906977;0.985401;1.000000;0.843389
28;pct_casa_vila_condominio;Morfologia;False;2958;0.042222;0.115834;0.000000;0.000000;0.034035;0.044832
28;pct_sem_agua_canalizada;Saneamento;False;3459;0.028740;0.074332;0.000000;0.004717;0.021398;0.978664
28;pct_agua_nao_encanada;Saneamento;False;2698;0.020216;0.068574;0.000000;0.000000;0.009951;0.014809
28;pct_agua_so_terreno;Saneamento;False;2646;0.012121;0.044230;0.000000;0.000000;0.000000;0.008868
28;pct_sem_banheiro;Saneamento;False;2762;0.005557;0.029367;0.000000;0.000000;0.000000;0.004166
28;pct_sem_banheiro_nem_sanitario;Saneamento;False;3199;0.000395;0.007687;0.000000;0.000000;0.000000;0.000237
28;pct_resp_feminino;Socioeconômica;False;3455;0.548987;0.098017;0.488970;0.548718;0.617647;0.549119
28;pct_crianca_0a4;Demografia;False;3435;0.066839;0.023451;0.050650;0.065766;0.080808;0.066237
28;pct_pop_0a14;Demografia;False;3457;0.209623;0.056925;0.172232;0.209205;0.246777;0.209389
28;pct_idoso_60mais;Demografia;False;3447;0.132841;0.067044;0.084270;0.122378;0.170514;0.130957
28;iep_setor;Demografia;False;3432;76.709954;67.400532;34.280023;58.086312;97.390723;62.536591
28;rdi_setor;Demografia;False;3446;20.812994;12.280734;12.640224;18.659284;26.541120;19.857130
28;prop_70mais_entre_60mais;Demografia;False;3352;42.262253;11.052017;35.185185;42.553191;49.600000;44.092015
29;pct_agua_inad;Saneamento;True;19155;0.048699;0.139744;0.000000;0.000000;0.029185;0.044070
29;pct_esgoto_inad;Saneamento;True;19152;0.232638;0.350976;0.000000;0.023810;0.349368;0.229385
29;pct_lixo_inad;Saneamento;True;19154;0.191166;0.308378;0.000000;0.023810;0.231624;0.188006
29;razao_moradores;Socioeconômica;True;19155;2.728309;0.284545;2.557648;2.727273;2.902174;2.737105
29;pct_analfab;Socioeconômica;True;18213;0.094809;0.071004;0.038793;0.077707;0.137755;0.093198
29;renda_media;Socioeconômica;True;19155;2200.891887;2335.626861;1231.765000;1528.440000;2172.755000;2200.891887
29;pct_raca_pretpardind;Socioeconômica;True;19155;0.794061;0.122328;0.730576;0.818004;0.885395;0.797359
29;pct_dom_improv;Morfologia;False;17524;0.000432;0.008508;0.000000;0.000000;0.000000;0.000417
29;pct_hab_precaria;Morfologia;False;19155;0.001908;0.015536;0.000000;0.000000;0.000000;0.001969
29;pct_moradia_convencional;Morfologia;False;19155;0.995660;0.014731;0.995283;1.000000;1.000000;0.996087
29;pct_moradia_nao_convencional;Morfologia;False;19155;0.001573;0.013189;0.000000;0.000000;0.000000;0.001647
29;pct_apartamento;Morfologia;False;16720;0.136265;0.284451;0.000000;0.000000;0.085714;0.138303
29;pct_casa;Morfologia;False;18779;0.867089;0.269790;0.907285;0.986239;1.000000;0.867146
29;pct_casa_vila_condominio;Morfologia;False;16689;0.030587;0.135597;0.000000;0.000000;0.000000;0.029134
29;pct_sem_agua_canalizada;Saneamento;False;19145;0.025805;0.071711;0.000000;0.005780;0.021645;0.977193
29;pct_agua_nao_encanada;Saneamento;False;14746;0.010914;0.048798;0.000000;0.000000;0.000000;0.009312
29;pct_agua_so_terreno;Saneamento;False;14271;0.018826;0.061408;0.000000;0.000000;0.015625;0.017392
29;pct_sem_banheiro;Saneamento;False;14499;0.007932;0.028421;0.000000;0.000000;0.000000;0.007357
29;pct_sem_banheiro_nem_sanitario;Saneamento;False;17011;0.000776;0.006337;0.000000;0.000000;0.000000;0.000694
29;pct_resp_feminino;Socioeconômica;False;19133;0.541458;0.097485;0.480427;0.545918;0.608163;0.540858
29;pct_crianca_0a4;Demografia;False;19003;0.060934;0.020925;0.046563;0.059761;0.074310;0.062908
29;pct_pop_0a14;Demografia;False;19126;0.195537;0.052920;0.162963;0.195122;0.228687;0.201945
29;pct_idoso_60mais;Demografia;False;19123;0.154918;0.068762;0.107608;0.148014;0.194383;0.146046
29;iep_setor;Demografia;False;19047;96.550497;91.886693;47.826087;75.369458;115.946475;72.318686
29;rdi_setor;Demografia;False;19118;24.576841;13.357869;16.059092;22.574561;30.787499;22.402814
29;prop_70mais_entre_60mais;Demografia;False;18918;44.192855;10.172170;37.777778;44.736842;51.020408;45.722847
31;pct_agua_inad;Saneamento;True;39044;0.037343;0.144126;0.000000;0.000000;0.000000;0.024129
31;pct_esgoto_inad;Saneamento;True;39043;0.085049;0.215296;0.000000;0.000000;0.028674;0.070593
31;pct_lixo_inad;Saneamento;True;39043;0.061506;0.179081;0.000000;0.000000;0.015789;0.052889
31;razao_moradores;Socioeconômica;True;39044;2.696956;0.290973;2.520000;2.705244;2.880365;2.703638
31;pct_analfab;Socioeconômica;True;34977;0.052915;0.046865;0.020566;0.040169;0.070423;0.051778
31;renda_media;Socioeconômica;True;39044;2972.156942;2600.535851;1755.600000;2264.280000;3165.740000;2972.156942
31;pct_raca_pretpardind;Socioeconômica;True;39044;0.567307;0.192790;0.429818;0.596020;0.725699;0.581820
31;pct_dom_improv;Morfologia;False;36709;0.000254;0.008258;0.000000;0.000000;0.000000;0.000184
31;pct_hab_precaria;Morfologia;False;39044;0.002723;0.025602;0.000000;0.000000;0.000000;0.002610
31;pct_moradia_convencional;Morfologia;False;39044;0.994592;0.025794;0.995283;1.000000;1.000000;0.995202
31;pct_moradia_nao_convencional;Morfologia;False;39044;0.002517;0.024375;0.000000;0.000000;0.000000;0.002463
31;pct_apartamento;Morfologia;False;34538;0.175878;0.284785;0.000000;0.036192;0.200846;0.182030
31;pct_casa;Morfologia;False;38539;0.837326;0.267565;0.820243;0.967105;1.000000;0.833635
31;pct_casa_vila_condominio;Morfologia;False;35138;0.013907;0.085377;0.000000;0.000000;0.000000;0.012016
31;pct_sem_agua_canalizada;Saneamento;False;39037;0.005316;0.031378;0.000000;0.000000;0.000000;0.995929
31;pct_agua_nao_encanada;Saneamento;False;36365;0.001068;0.019439;0.000000;0.000000;0.000000;0.000680
31;pct_agua_so_terreno;Saneamento;False;33529;0.002976;0.027089;0.000000;0.000000;0.000000;0.002352
31;pct_sem_banheiro;Saneamento;False;35031;0.000611;0.008070;0.000000;0.000000;0.000000;0.000578
31;pct_sem_banheiro_nem_sanitario;Saneamento;False;38190;0.000050;0.002568;0.000000;0.000000;0.000000;0.000038
31;pct_resp_feminino;Socioeconômica;False;38891;0.481314;0.110185;0.407927;0.483871;0.559184;0.483340
31;pct_crianca_0a4;Demografia;False;38385;0.057223;0.021579;0.042553;0.055160;0.069597;0.058431
31;pct_pop_0a14;Demografia;False;38960;0.175397;0.051428;0.141872;0.174429;0.207849;0.181039
31;pct_idoso_60mais;Demografia;False;38919;0.182177;0.082305;0.125000;0.177515;0.233333;0.173763
31;iep_setor;Demografia;False;38645;126.989674;111.794476;60.869565;101.351351;160.759494;95.985259
31;rdi_setor;Demografia;False;38911;29.804666;17.952425;18.592965;27.506427;37.878788;26.943160
31;prop_70mais_entre_60mais;Demografia;False;38108;43.556729;10.538994;36.956522;43.835616;50.000000;45.066160
32;pct_agua_inad;Saneamento;True;6916;0.055477;0.160578;0.000000;0.000000;0.027668;0.042236
32;pct_esgoto_inad;Saneamento;True;6916;0.104577;0.224679;0.000000;0.000000;0.066522;0.087706
32;pct_lixo_inad;Saneamento;True;6916;0.116064;0.237139;0.000000;0.000000;0.089286;0.107879
32;razao_moradores;Socioeconômica;True;6916;2.645918;0.275321;2.485668;2.648649;2.809657;2.645077
32;pct_analfab;Socioeconômica;True;6238;0.054857;0.043837;0.023810;0.045159;0.074753;0.051891
32;renda_media;Socioeconômica;True;6916;2989.356057;2451.835139;1767.895000;2253.935000;3136.422500;2989.356057
32;pct_raca_pretpardind;Socioeconômica;True;6916;0.611033;0.169182;0.492683;0.635002;0.748151;0.622580
32;pct_dom_improv;Morfologia;False;6551;0.000271;0.004510;0.000000;0.000000;0.000000;0.000228
32;pct_hab_precaria;Morfologia;False;6916;0.002395;0.017297;0.000000;0.000000;0.000000;0.002531
32;pct_moradia_convencional;Morfologia;False;6916;0.994301;0.019179;0.994467;1.000000;1.000000;0.995007
32;pct_moradia_nao_convencional;Morfologia;False;6916;0.002201;0.016883;0.000000;0.000000;0.000000;0.002355
32;pct_apartamento;Morfologia;False;6130;0.227885;0.315425;0.000000;0.075228;0.304298;0.244543
32;pct_casa;Morfologia;False;6756;0.805533;0.285660;0.757576;0.941176;0.991803;0.791784
32;pct_casa_vila_condominio;Morfologia;False;6108;0.006134;0.049699;0.000000;0.000000;0.000000;0.005886
32;pct_sem_agua_canalizada;Saneamento;False;6915;0.004069;0.025450;0.000000;0.000000;0.000000;0.996663
32;pct_agua_nao_encanada;Saneamento;False;6459;0.000869;0.015657;0.000000;0.000000;0.000000;0.000715
32;pct_agua_so_terreno;Saneamento;False;5918;0.001861;0.021927;0.000000;0.000000;0.000000;0.001518
32;pct_sem_banheiro;Saneamento;False;6103;0.000487;0.005926;0.000000;0.000000;0.000000;0.000491
32;pct_sem_banheiro_nem_sanitario;Saneamento;False;6780;0.000016;0.000885;0.000000;0.000000;0.000000;0.000010
32;pct_resp_feminino;Socioeconômica;False;6889;0.485423;0.101778;0.419463;0.487455;0.554455;0.485858
32;pct_crianca_0a4;Demografia;False;6782;0.061630;0.020547;0.047692;0.060748;0.074824;0.063082
32;pct_pop_0a14;Demografia;False;6896;0.187763;0.051339;0.154762;0.188259;0.221334;0.194325
32;pct_idoso_60mais;Demografia;False;6902;0.172051;0.069035;0.123726;0.165450;0.212859;0.162816
32;iep_setor;Demografia;False;6845;108.191043;89.073129;56.310680;87.301587;134.328358;83.771713
32;rdi_setor;Demografia;False;6900;27.871780;14.396551;18.779343;25.765386;34.081386;25.338603
32;prop_70mais_entre_60mais;Demografia;False;6812;42.027452;9.976276;35.714286;42.037220;48.076923;42.781270
33;pct_agua_inad;Saneamento;True;37338;0.149518;0.283017;0.000000;0.000000;0.126918;0.133862
33;pct_esgoto_inad;Saneamento;True;37337;0.090950;0.211246;0.000000;0.000000;0.047210;0.077609
33;pct_lixo_inad;Saneamento;True;37338;0.153437;0.279378;0.000000;0.000000;0.149254;0.151044
33;razao_moradores;Socioeconômica;True;37338;2.603589;0.311405;2.436135;2.614664;2.785178;2.598218
33;pct_analfab;Socioeconômica;True;31459;0.036533;0.032230;0.014837;0.028777;0.050000;0.034484
33;renda_media;Socioeconômica;True;37329;3313.599733;3331.129175;1647.130000;2173.140000;3437.740000;3313.599733
33;pct_raca_pretpardind;Socioeconômica;True;37338;0.563643;0.183349;0.452759;0.603175;0.700877;0.578581
33;pct_dom_improv;Morfologia;False;35917;0.000332;0.010457;0.000000;0.000000;0.000000;0.000371
33;pct_hab_precaria;Morfologia;False;37338;0.003894;0.033767;0.000000;0.000000;0.000000;0.004172
33;pct_moradia_convencional;Morfologia;False;37338;0.992264;0.034336;0.993464;1.000000;1.000000;0.993122
33;pct_moradia_nao_convencional;Morfologia;False;37338;0.003614;0.032193;0.000000;0.000000;0.000000;0.003850
33;pct_apartamento;Morfologia;False;32950;0.233195;0.357580;0.000000;0.032258;0.313652;0.256788
33;pct_casa;Morfologia;False;36213;0.751236;0.338669;0.624390;0.931429;0.992701;0.729840
33;pct_casa_vila_condominio;Morfologia;False;32197;0.067114;0.149714;0.000000;0.000000;0.060606;0.069316
33;pct_sem_agua_canalizada;Saneamento;False;37299;0.032106;0.107076;0.000000;0.000000;0.014925;0.969292
33;pct_agua_nao_encanada;Saneamento;False;32431;0.012271;0.072094;0.000000;0.000000;0.000000;0.011396
33;pct_agua_so_terreno;Saneamento;False;29891;0.023281;0.089354;0.000000;0.000000;0.000000;0.023586
33;pct_sem_banheiro;Saneamento;False;33075;0.000961;0.014060;0.000000;0.000000;0.000000;0.000829
33;pct_sem_banheiro_nem_sanitario;Saneamento;False;36549;0.000030;0.001271;0.000000;0.000000;0.000000;0.000027
33;pct_resp_feminino;Socioeconômica;False;37217;0.521940;0.093631;0.465649;0.527869;0.584158;0.525902
33;pct_crianca_0a4;Demografia;False;36316;0.053719;0.022044;0.038462;0.051887;0.066667;0.054786
33;pct_pop_0a14;Demografia;False;37187;0.171605;0.055864;0.135314;0.171516;0.207592;0.177894
33;pct_idoso_60mais;Demografia;False;37225;0.197166;0.081842;0.138810;0.188291;0.248485;0.188585
33;iep_setor;Demografia;False;36832;146.992591;146.524457;67.625899;108.750000;178.260870;105.987075
33;rdi_setor;Demografia;False;37210;32.672616;17.456827;21.221164;29.647059;40.909091;29.788550
33;prop_70mais_entre_60mais;Demografia;False;36622;43.018471;10.486849;36.486486;42.857143;49.504950;44.581556
35;pct_agua_inad;Saneamento;True;91778;0.033402;0.153290;0.000000;0.000000;0.000000;0.017612
35;pct_esgoto_inad;Saneamento;True;91778;0.047579;0.162114;0.000000;0.000000;0.000000;0.036801
35;pct_lixo_inad;Saneamento;True;91777;0.090852;0.230422;0.000000;0.000000;0.024138;0.087678
35;razao_moradores;Socioeconômica;True;91778;2.704433;0.345869;2.523077;2.734694;2.922280;2.717104
35;pct_analfab;Socioeconômica;True;77585;0.033373;0.028000;0.013514;0.027251;0.046875;0.033072
35;renda_media;Socioeconômica;True;91767;4014.151247;3634.462528;2092.520000;2760.110000;4303.600000;4014.151247
35;pct_raca_pretpardind;Socioeconômica;True;91775;0.391444;0.181775;0.245181;0.392405;0.538462;0.409658
35;pct_dom_improv;Morfologia;False;87920;0.000782;0.017747;0.000000;0.000000;0.000000;0.000689
35;pct_hab_precaria;Morfologia;False;91778;0.004884;0.039825;0.000000;0.000000;0.000000;0.004641
35;pct_moradia_convencional;Morfologia;False;91778;0.993166;0.037440;0.996390;1.000000;1.000000;0.994037
35;pct_moradia_nao_convencional;Morfologia;False;91778;0.004227;0.035940;0.000000;0.000000;0.000000;0.004023
35;pct_apartamento;Morfologia;False;85820;0.229944;0.377620;0.000000;0.000000;0.327273;0.220471
35;pct_casa;Morfologia;False;88602;0.780068;0.358272;0.718954;0.990476;1.000000;0.790552
35;pct_casa_vila_condominio;Morfologia;False;83180;0.027669;0.127048;0.000000;0.000000;0.000000;0.025410
35;pct_sem_agua_canalizada;Saneamento;False;91749;0.004969;0.041643;0.000000;0.000000;0.000000;0.996494
35;pct_agua_nao_encanada;Saneamento;False;88089;0.001761;0.028755;0.000000;0.000000;0.000000;0.001225
35;pct_agua_so_terreno;Saneamento;False;82928;0.002421;0.032555;0.000000;0.000000;0.000000;0.001630
35;pct_sem_banheiro;Saneamento;False;85585;0.000510;0.010443;0.000000;0.000000;0.000000;0.000430
35;pct_sem_banheiro_nem_sanitario;Saneamento;False;90727;0.000027;0.002987;0.000000;0.000000;0.000000;0.000014
35;pct_resp_feminino;Socioeconômica;False;91391;0.497239;0.106335;0.431298;0.507194;0.570513;0.497837
35;pct_crianca_0a4;Demografia;False;89559;0.054423;0.022052;0.039130;0.052298;0.067188;0.055904
35;pct_pop_0a14;Demografia;False;91442;0.172370;0.056178;0.135922;0.171875;0.208418;0.179824
35;pct_idoso_60mais;Demografia;False;91407;0.182056;0.090800;0.113949;0.173448;0.241611;0.171799
35;iep_setor;Demografia;False;90373;134.967770;131.233797;55.555556;100.000000;173.913043;95.539649
35;rdi_setor;Demografia;False;91367;30.053397;24.568136;16.761155;26.588235;39.361702;26.510886
35;prop_70mais_entre_60mais;Demografia;False;89068;42.479636;11.533587;35.064935;42.500000;50.000000;44.378444
41;pct_agua_inad;Saneamento;True;17729;0.040776;0.147661;0.000000;0.000000;0.000000;0.030905
41;pct_esgoto_inad;Saneamento;True;17729;0.156019;0.309313;0.000000;0.000000;0.088235;0.129992
41;pct_lixo_inad;Saneamento;True;17729;0.034443;0.134199;0.000000;0.000000;0.000000;0.031264
41;razao_moradores;Socioeconômica;True;17729;2.703776;0.296330;2.549342;2.721774;2.878788;2.696777
41;pct_analfab;Socioeconômica;True;15761;0.044899;0.040425;0.016598;0.033730;0.061381;0.041915
41;renda_media;Socioeconômica;True;17729;3467.825960;2440.361134;2141.750000;2726.810000;3863.840000;3467.825960
41;pct_raca_pretpardind;Socioeconômica;True;17729;0.339509;0.143902;0.231827;0.340741;0.441217;0.344834
41;pct_dom_improv;Morfologia;False;16634;0.000159;0.003614;0.000000;0.000000;0.000000;0.000136
41;pct_hab_precaria;Morfologia;False;17729;0.000874;0.009151;0.000000;0.000000;0.000000;0.000902
41;pct_moradia_convencional;Morfologia;False;17729;0.996789;0.011101;0.996350;1.000000;1.000000;0.997238
41;pct_moradia_nao_convencional;Morfologia;False;17729;0.000753;0.008610;0.000000;0.000000;0.000000;0.000800
41;pct_apartamento;Morfologia;False;15572;0.151564;0.289727;0.000000;0.000000;0.113583;0.168544
41;pct_casa;Morfologia;False;17483;0.852589;0.270833;0.869921;0.984802;1.000000;0.837923
41;pct_casa_vila_condominio;Morfologia;False;15678;0.025902;0.097133;0.000000;0.000000;0.000000;0.027872
41;pct_sem_agua_canalizada;Saneamento;False;17727;0.003126;0.023973;0.000000;0.000000;0.000000;0.997644
41;pct_agua_nao_encanada;Saneamento;False;16667;0.000816;0.017689;0.000000;0.000000;0.000000;0.000489
41;pct_agua_so_terreno;Saneamento;False;15340;0.001140;0.016588;0.000000;0.000000;0.000000;0.000955
41;pct_sem_banheiro;Saneamento;False;15865;0.000868;0.013742;0.000000;0.000000;0.000000;0.000660
41;pct_sem_banheiro_nem_sanitario;Saneamento;False;17474;0.000027;0.001364;0.000000;0.000000;0.000000;0.000031
41;pct_resp_feminino;Socioeconômica;False;17644;0.476510;0.109790;0.401015;0.476923;0.556184;0.478489
41;pct_crianca_0a4;Demografia;False;17463;0.060261;0.022082;0.045356;0.058394;0.073321;0.061393
41;pct_pop_0a14;Demografia;False;17673;0.187126;0.053250;0.154167;0.186856;0.220085;0.192313
41;pct_idoso_60mais;Demografia;False;17652;0.169320;0.075324;0.114405;0.162832;0.217547;0.161447
41;iep_setor;Demografia;False;17531;109.195208;88.613473;52.802010;87.288136;138.336961;83.949019
41;rdi_setor;Demografia;False;17648;27.444978;16.181594;17.089972;25.081700;35.162177;24.990710
41;prop_70mais_entre_60mais;Demografia;False;17318;42.292779;9.727826;36.263736;42.452830;48.360656;43.817176
42;pct_agua_inad;Saneamento;True;13057;0.101273;0.211646;0.000000;0.000000;0.086777;0.069934
42;pct_esgoto_inad;Saneamento;True;13056;0.080651;0.201830;0.000000;0.000000;0.031579;0.065537
42;pct_lixo_inad;Saneamento;True;13056;0.062152;0.184921;0.000000;0.000000;0.010801;0.056055
42;razao_moradores;Socioeconômica;True;13057;2.692045;0.306452;2.509317;2.704348;2.890244;2.685120
42;pct_analfab;Socioeconômica;True;10859;0.027723;0.026988;0.011050;0.020979;0.036731;0.025898
42;renda_media;Socioeconômica;True;13055;3763.027076;2265.396756;2523.930000;3094.930000;4080.965000;3763.027076
42;pct_raca_pretpardind;Socioeconômica;True;13057;0.222393;0.122819;0.134763;0.204355;0.291971;0.240472
42;pct_dom_improv;Morfologia;False;12478;0.000127;0.007051;0.000000;0.000000;0.000000;0.000091
42;pct_hab_precaria;Morfologia;False;13057;0.001339;0.014360;0.000000;0.000000;0.000000;0.001471
42;pct_moradia_convencional;Morfologia;False;13057;0.995538;0.017985;0.996109;1.000000;1.000000;0.996522
42;pct_moradia_nao_convencional;Morfologia;False;13057;0.001236;0.012801;0.000000;0.000000;0.000000;0.001401
42;pct_apartamento;Morfologia;False;11981;0.231146;0.302315;0.000000;0.085714;0.341014;0.262360
42;pct_casa;Morfologia;False;12879;0.786428;0.285919;0.692740;0.923913;0.992481;0.753199
42;pct_casa_vila_condominio;Morfologia;False;11338;0.008905;0.049593;0.000000;0.000000;0.000000;0.010034
42;pct_sem_agua_canalizada;Saneamento;False;13053;0.005427;0.036690;0.000000;0.000000;0.000000;0.996364
42;pct_agua_nao_encanada;Saneamento;False;12291;0.002046;0.029462;0.000000;0.000000;0.000000;0.001049
42;pct_agua_so_terreno;Saneamento;False;11334;0.002374;0.027239;0.000000;0.000000;0.000000;0.001769
42;pct_sem_banheiro;Saneamento;False;11780;0.000753;0.014011;0.000000;0.000000;0.000000;0.000642
42;pct_sem_banheiro_nem_sanitario;Saneamento;False;12866;0.000029;0.001049;0.000000;0.000000;0.000000;0.000031
42;pct_resp_feminino;Socioeconômica;False;12942;0.461787;0.117548;0.384615;0.468750;0.544974;0.468321
42;pct_crianca_0a4;Demografia;False;12649;0.060903;0.021703;0.047091;0.059524;0.073314;0.061975
42;pct_pop_0a14;Demografia;False;12994;0.180785;0.052180;0.150920;0.181818;0.212262;0.187661
42;pct_idoso_60mais;Demografia;False;12985;0.162239;0.072524;0.113360;0.153959;0.202899;0.149480
42;iep_setor;Demografia;False;12791;104.720898;90.355556;54.819688;84.848485;128.521825;79.645547
42;rdi_setor;Demografia;False;12978;26.240479;18.379959;16.730408;23.352471;32.149189;22.568808
42;prop_70mais_entre_60mais;Demografia;False;12643;41.167337;10.910971;34.736842;40.909091;47.099112;41.804147
43;pct_agua_inad;Saneamento;True;18985;0.084688;0.209638;0.000000;0.000000;0.041667;0.061492
43;pct_esgoto_inad;Saneamento;True;18985;0.109121;0.241602;0.000000;0.000000;0.054054;0.097142
43;pct_lixo_inad;Saneamento;True;18985;0.131258;0.282070;0.000000;0.000000;0.055085;0.127124
43;razao_moradores;Socioeconômica;True;18985;2.529894;0.318778;2.352941;2.549451;2.724138;2.529168
43;pct_analfab;Socioeconômica;True;15921;0.031111;0.029069;0.012225;0.023936;0.041958;0.029878
43;renda_media;Socioeconômica;True;18985;3371.506362;2388.677770;2082.310000;2700.880000;3804.610000;3371.506362
43;pct_raca_pretpardind;Socioeconômica;True;18984;0.207993;0.124880;0.116089;0.186985;0.278575;0.220640
43;pct_dom_improv;Morfologia;False;17861;0.000182;0.003226;0.000000;0.000000;0.000000;0.000203
43;pct_hab_precaria;Morfologia;False;18985;0.000896;0.010358;0.000000;0.000000;0.000000;0.000923
43;pct_moradia_convencional;Morfologia;False;18985;0.996228;0.014316;0.996226;1.000000;1.000000;0.997145
43;pct_moradia_nao_convencional;Morfologia;False;18985;0.000759;0.009785;0.000000;0.000000;0.000000;0.000767
43;pct_apartamento;Morfologia;False;16856;0.217584;0.326442;0.000000;0.038710;0.301075;0.239135
43;pct_casa;Morfologia;False;18666;0.803236;0.304662;0.751282;0.963470;1.000000;0.782080
43;pct_casa_vila_condominio;Morfologia;False;16720;0.015108;0.080301;0.000000;0.000000;0.000000;0.017443
43;pct_sem_agua_canalizada;Saneamento;False;18984;0.005954;0.036143;0.000000;0.000000;0.002727;0.995191
43;pct_agua_nao_encanada;Saneamento;False;17117;0.001968;0.023543;0.000000;0.000000;0.000000;0.001802
43;pct_agua_so_terreno;Saneamento;False;16113;0.002549;0.028688;0.000000;0.000000;0.000000;0.002031
43;pct_sem_banheiro;Saneamento;False;15992;0.002332;0.022365;0.000000;0.000000;0.000000;0.002062
43;pct_sem_banheiro_nem_sanitario;Saneamento;False;18423;0.000096;0.003547;0.000000;0.000000;0.000000;0.000090
43;pct_resp_feminino;Socioeconômica;False;18842;0.510082;0.108972;0.445161;0.521739;0.586061;0.515970
43;pct_crianca_0a4;Demografia;False;18338;0.054859;0.021804;0.040620;0.053085;0.067213;0.057061
43;pct_pop_0a14;Demografia;False;18872;0.167544;0.056620;0.134183;0.166667;0.201483;0.177712
43;pct_idoso_60mais;Demografia;False;18904;0.208712;0.086123;0.147873;0.206125;0.262825;0.193803
43;iep_setor;Demografia;False;18529;152.673471;134.778597;74.316940;123.809524;189.552239;109.027644
43;rdi_setor;Demografia;False;18886;35.783297;22.612061;22.790366;32.888717;44.418450;30.862608
43;prop_70mais_entre_60mais;Demografia;False;18552;44.062313;10.824653;37.500000;44.117647;50.458716;45.081871
50;pct_agua_inad;Saneamento;True;4638;0.060283;0.141825;0.000000;0.000000;0.051948;0.047691
50;pct_esgoto_inad;Saneamento;True;4638;0.222468;0.330891;0.000000;0.033771;0.334341;0.206015
50;pct_lixo_inad;Saneamento;True;4638;0.024820;0.116075;0.000000;0.000000;0.000000;0.017286
50;razao_moradores;Socioeconômica;True;4638;2.771561;0.315465;2.598671;2.764101;2.937960;2.774605
50;pct_analfab;Socioeconômica;True;4295;0.051443;0.039636;0.023810;0.041667;0.069767;0.049702
50;renda_media;Socioeconômica;True;4638;3239.539021;2367.368633;1999.967500;2566.060000;3547.970000;3239.539021
50;pct_raca_pretpardind;Socioeconômica;True;4638;0.541635;0.148338;0.455742;0.562438;0.644893;0.550401
50;pct_dom_improv;Morfologia;False;4231;0.000496;0.006670;0.000000;0.000000;0.000000;0.000457
50;pct_hab_precaria;Morfologia;False;4638;0.002186;0.014907;0.000000;0.000000;0.000000;0.001940
50;pct_moradia_convencional;Morfologia;False;4638;0.995250;0.016627;0.994819;1.000000;1.000000;0.995927
50;pct_moradia_nao_convencional;Morfologia;False;4637;0.001779;0.013597;0.000000;0.000000;0.000000;0.001579
50;pct_apartamento;Morfologia;False;4186;0.067321;0.206430;0.000000;0.000000;0.000000;0.068742
50;pct_casa;Morfologia;False;4595;0.906956;0.215760;0.944153;0.991266;1.000000;0.906026
50;pct_casa_vila_condominio;Morfologia;False;3928;0.042440;0.129552;0.000000;0.000000;0.028986;0.044494
50;pct_sem_agua_canalizada;Saneamento;False;4636;0.012096;0.059823;0.000000;0.000000;0.005714;0.990542
50;pct_agua_nao_encanada;Saneamento;False;4124;0.003177;0.037879;0.000000;0.000000;0.000000;0.001763
50;pct_agua_so_terreno;Saneamento;False;3665;0.008626;0.052166;0.000000;0.000000;0.000000;0.007516
50;pct_sem_banheiro;Saneamento;False;4085;0.002653;0.039185;0.000000;0.000000;0.000000;0.001358
50;pct_sem_banheiro_nem_sanitario;Saneamento;False;4541;0.000008;0.000396;0.000000;0.000000;0.000000;0.000008
50;pct_resp_feminino;Socioeconômica;False;4607;0.485378;0.108597;0.415611;0.486631;0.558476;0.490144
50;pct_crianca_0a4;Demografia;False;4591;0.070931;0.024161;0.054341;0.069692;0.085578;0.071709
50;pct_pop_0a14;Demografia;False;4630;0.212636;0.057512;0.175482;0.212173;0.248426;0.217189
50;pct_idoso_60mais;Demografia;False;4616;0.146352;0.073357;0.091805;0.137694;0.190672;0.141733
50;iep_setor;Demografia;False;4584;81.495255;67.085140;37.029746;64.368351;105.312088;65.254029
50;rdi_setor;Demografia;False;4612;23.837347;17.727098;13.941985;21.361160;30.597761;22.117193
50;prop_70mais_entre_60mais;Demografia;False;4490;41.373893;10.180720;35.347005;41.444405;47.500000;43.007071
51;pct_agua_inad;Saneamento;True;5650;0.100274;0.207375;0.000000;0.000000;0.086843;0.083503
51;pct_esgoto_inad;Saneamento;True;5650;0.371760;0.395106;0.000000;0.161835;0.826232;0.357828
51;pct_lixo_inad;Saneamento;True;5650;0.048000;0.171394;0.000000;0.000000;0.000000;0.044355
51;razao_moradores;Socioeconômica;True;5650;2.815306;0.297351;2.637829;2.824243;2.997083;2.830840
51;pct_analfab;Socioeconômica;True;5259;0.056730;0.041695;0.025898;0.048518;0.077519;0.052641
51;renda_media;Socioeconômica;True;5649;3456.100972;2491.320492;2185.050000;2788.960000;3803.400000;3456.100972
51;pct_raca_pretpardind;Socioeconômica;True;5650;0.655287;0.138651;0.575841;0.678629;0.755127;0.665382
51;pct_dom_improv;Morfologia;False;5225;0.000714;0.009852;0.000000;0.000000;0.000000;0.000588
51;pct_hab_precaria;Morfologia;False;5650;0.005645;0.025145;0.000000;0.000000;0.000000;0.005929
51;pct_moradia_convencional;Morfologia;False;5650;0.991106;0.026931;0.992248;1.000000;1.000000;0.991808
51;pct_moradia_nao_convencional;Morfologia;False;5650;0.005078;0.023547;0.000000;0.000000;0.000000;0.005450
51;pct_apartamento;Morfologia;False;5002;0.073142;0.188897;0.000000;0.000000;0.038900;0.081731
51;pct_casa;Morfologia;False;5619;0.904673;0.197383;0.919714;0.985981;1.000000;0.895034
51;pct_casa_vila_condominio;Morfologia;False;4770;0.031559;0.109801;0.000000;0.000000;0.016649;0.036594
51;pct_sem_agua_canalizada;Saneamento;False;5650;0.022593;0.080966;0.000000;0.000000;0.009756;0.977558
51;pct_agua_nao_encanada;Saneamento;False;5142;0.003190;0.025454;0.000000;0.000000;0.000000;0.003109
51;pct_agua_so_terreno;Saneamento;False;4457;0.021321;0.078133;0.000000;0.000000;0.000000;0.022749
51;pct_sem_banheiro;Saneamento;False;4917;0.001702;0.016077;0.000000;0.000000;0.000000;0.001510
51;pct_sem_banheiro_nem_sanitario;Saneamento;False;5501;0.000025;0.000827;0.000000;0.000000;0.000000;0.000030
51;pct_resp_feminino;Socioeconômica;False;5633;0.485561;0.118154;0.409091;0.491979;0.569444;0.488464
51;pct_crianca_0a4;Demografia;False;5597;0.073533;0.022726;0.058091;0.072983;0.087719;0.076683
51;pct_pop_0a14;Demografia;False;5640;0.215415;0.052524;0.182609;0.217131;0.250000;0.225097
51;pct_idoso_60mais;Demografia;False;5627;0.126702;0.062922;0.080000;0.117577;0.165467;0.113319
51;iep_setor;Demografia;False;5594;67.864819;53.538817;32.885382;53.984127;88.349146;50.343020
51;rdi_setor;Demografia;False;5626;19.893771;11.472824;11.904762;17.730496;25.840356;17.133560
51;prop_70mais_entre_60mais;Demografia;False;5498;39.775142;10.591557;33.333333;39.393939;45.945946;40.412250
52;pct_agua_inad;Saneamento;True;10360;0.117635;0.231261;0.000000;0.022490;0.102186;0.092454
52;pct_esgoto_inad;Saneamento;True;10360;0.238263;0.351834;0.000000;0.025568;0.406016;0.219574
52;pct_lixo_inad;Saneamento;True;10360;0.061252;0.190059;0.000000;0.000000;0.011183;0.042638
52;razao_moradores;Socioeconômica;True;10360;2.724928;0.308207;2.538854;2.734915;2.927553;2.739486
52;pct_analfab;Socioeconômica;True;9747;0.055820;0.041940;0.025478;0.046569;0.075889;0.052168
52;renda_media;Socioeconômica;True;10360;3071.157558;2437.939984;1927.610000;2377.770000;3200.230000;3071.157558
52;pct_raca_pretpardind;Socioeconômica;True;10360;0.622823;0.128448;0.553013;0.643463;0.714584;0.631731
52;pct_dom_improv;Morfologia;False;9426;0.000905;0.016900;0.000000;0.000000;0.000000;0.000784
52;pct_hab_precaria;Morfologia;False;10360;0.008806;0.038693;0.000000;0.000000;0.000000;0.008582
52;pct_moradia_convencional;Morfologia;False;10360;0.989117;0.036573;0.993421;1.000000;1.000000;0.989849
52;pct_moradia_nao_convencional;Morfologia;False;10360;0.008047;0.035259;0.000000;0.000000;0.000000;0.007923
52;pct_apartamento;Morfologia;False;9069;0.118290;0.267135;0.000000;0.000000;0.055249;0.130633
52;pct_casa;Morfologia;False;10222;0.874049;0.254686;0.911676;0.987500;1.000000;0.864928
52;pct_casa_vila_condominio;Morfologia;False;9041;0.026540;0.110608;0.000000;0.000000;0.000000;0.026632
52;pct_sem_agua_canalizada;Saneamento;False;10351;0.013928;0.067736;0.000000;0.000000;0.006024;0.988804
52;pct_agua_nao_encanada;Saneamento;False;9111;0.004650;0.046150;0.000000;0.000000;0.000000;0.003233
52;pct_agua_so_terreno;Saneamento;False;7983;0.010271;0.063021;0.000000;0.000000;0.000000;0.008708
52;pct_sem_banheiro;Saneamento;False;9059;0.000919;0.019605;0.000000;0.000000;0.000000;0.000517
52;pct_sem_banheiro_nem_sanitario;Saneamento;False;10101;0.000035;0.001544;0.000000;0.000000;0.000000;0.000020
52;pct_resp_feminino;Socioeconômica;False;10300;0.483085;0.108613;0.412219;0.488177;0.560656;0.485486
52;pct_crianca_0a4;Demografia;False;10220;0.063906;0.020999;0.049721;0.063127;0.077423;0.066484
52;pct_pop_0a14;Demografia;False;10331;0.196312;0.052968;0.162883;0.196147;0.232071;0.205138
52;pct_idoso_60mais;Demografia;False;10330;0.144410;0.075300;0.086072;0.135022;0.190938;0.130871
52;iep_setor;Demografia;False;10227;87.577639;78.305533;37.660739;68.478261;114.285714;63.790238
52;rdi_setor;Demografia;False;10328;23.086506;16.954256;12.546313;20.233581;29.971383;19.715809
52;prop_70mais_entre_60mais;Demografia;False;10158;41.022067;9.792152;34.883721;41.176471;47.222222;42.628955
53;pct_agua_inad;Saneamento;True;4924;0.053709;0.201115;0.000000;0.000000;0.000000;0.040905
53;pct_esgoto_inad;Saneamento;True;4924;0.047458;0.183328;0.000000;0.000000;0.000000;0.039764
53;pct_lixo_inad;Saneamento;True;4924;0.130404;0.274931;0.000000;0.000000;0.062993;0.122922
53;razao_moradores;Socioeconômica;True;4924;2.836984;0.461941;2.627916;2.914020;3.136869;2.822023
53;pct_analfab;Socioeconômica;True;4120;0.029184;0.023564;0.010667;0.025705;0.043165;0.028475
53;renda_media;Socioeconômica;True;4924;5718.579190;4947.759416;2317.635000;3518.495000;7471.892500;5718.579190
53;pct_raca_pretpardind;Socioeconômica;True;4924;0.579036;0.162634;0.478261;0.628838;0.699878;0.590200
53;pct_dom_improv;Morfologia;False;4628;0.000666;0.011823;0.000000;0.000000;0.000000;0.000421
53;pct_hab_precaria;Morfologia;False;4924;0.008811;0.043931;0.000000;0.000000;0.000000;0.008308
53;pct_moradia_convencional;Morfologia;False;4924;0.989062;0.043108;0.993827;1.000000;1.000000;0.989825
53;pct_moradia_nao_convencional;Morfologia;False;4924;0.008242;0.042509;0.000000;0.000000;0.000000;0.007956
53;pct_apartamento;Morfologia;False;4491;0.361203;0.411212;0.023502;0.125000;0.941853;0.383047
53;pct_casa;Morfologia;False;4681;0.656669;0.390698;0.263158;0.867647;0.975728;0.633272
53;pct_casa_vila_condominio;Morfologia;False;4463;0.039012;0.153140;0.000000;0.000000;0.000000;0.040691
53;pct_sem_agua_canalizada;Saneamento;False;4920;0.004951;0.035097;0.000000;0.000000;0.000000;0.996126
53;pct_agua_nao_encanada;Saneamento;False;4692;0.001088;0.015019;0.000000;0.000000;0.000000;0.000897
53;pct_agua_so_terreno;Saneamento;False;4351;0.003626;0.038769;0.000000;0.000000;0.000000;0.002867
53;pct_sem_banheiro;Saneamento;False;4551;0.000441;0.008063;0.000000;0.000000;0.000000;0.000340
53;pct_sem_banheiro_nem_sanitario;Saneamento;False;4857;0.000019;0.000811;0.000000;0.000000;0.000000;0.000032
53;pct_resp_feminino;Socioeconômica;False;4916;0.499162;0.094382;0.448613;0.507408;0.560976;0.498887
53;pct_crianca_0a4;Demografia;False;4870;0.058145;0.020231;0.044782;0.057299;0.070377;0.059396
53;pct_pop_0a14;Demografia;False;4909;0.184385;0.053057;0.151899;0.185053;0.215894;0.189701
53;pct_idoso_60mais;Demografia;False;4910;0.136778;0.071676;0.083333;0.129246;0.175000;0.130401
53;iep_setor;Demografia;False;4880;91.151414;100.601082;41.763897;71.263298;112.879272;68.784053
53;rdi_setor;Demografia;False;4910;21.192385;19.036149;11.559498;19.016245;26.705066;19.177350
53;prop_70mais_entre_60mais;Demografia;False;4821;41.265757;11.924949;32.911392;40.625000;49.624060;43.686849
