CD_UF;CD_MUN;NM_MUN;regiao;n_setores;n_crianca_0a4;n_idoso_60mais;pct_pop_crianca;pct_pop_idoso;indice_envelhecimento
13;1300300;Autazes;Norte;184;4375;3488;10.71;8.54;79.7
13;1302603;Manaus;Norte;3199;153545;199781;7.45;9.69;130.1
15;1500800;Ananindeua;Norte;738;28882;57851;6.04;12.1;200.3
15;1501402;Belém;Norte;2031;70582;205287;5.42;15.76;290.8
15;1505650;Placas;Norte;47;1635;1851;8.76;9.92;113.2
15;1505809;Portel;Norte;71;7266;4064;11.63;6.5;55.9
21;2109601;Rosário;Nordeste;87;2856;4577;7.45;11.94;160.3
21;2111201;São José de Ribamar;Nordeste;589;17869;21193;7.31;8.67;118.6
21;2111300;São Luís;Nordeste;1699;63523;132155;6.15;12.79;208.0
21;2111631;São Raimundo do Doca Bezerra;Nordeste;19;466;672;8.26;11.9;144.2
22;2211001;Teresina;Nordeste;1493;54673;119328;6.32;13.79;218.3
23;2304400;Fortaleza;Nordeste;4280;138591;365684;5.71;15.06;263.9
23;2304905;Groaíras;Nordeste;24;664;1818;6.09;16.66;273.8
23;2307601;Limoeiro do Norte;Nordeste;164;3505;9384;5.89;15.77;267.7
24;2408102;Natal;Nordeste;1076;42628;128098;5.68;17.06;300.5
25;2500908;Arara;Nordeste;31;767;2641;6.28;21.63;344.3
26;2600401;Água Preta;Nordeste;69;1828;3486;6.91;13.18;190.7
26;2603454;Camaragibe;Nordeste;272;8480;21830;5.74;14.77;257.4
26;2607950;Jaqueira;Nordeste;19;743;1301;7.25;12.7;175.1
26;2611606;Recife;Nordeste;2796;80920;263676;5.46;17.78;325.8
27;2704302;Maceió;Nordeste;1534;62972;128250;6.6;13.44;203.7
27;2704708;Marechal Deodoro;Nordeste;98;4457;7179;7.38;11.89;161.1
28;2803401;Japoatã;Nordeste;36;1034;1674;7.71;12.49;161.9
29;2910800;Feira de Santana;Nordeste;1094;38369;79379;6.23;12.88;206.9
29;2915502;Itajuípe;Nordeste;47;1103;3560;5.87;18.96;322.8
29;2916401;Itapetinga;Nordeste;114;4198;10322;6.37;15.66;245.9
29;2927408;Salvador;Nordeste;4476;122266;398756;5.07;16.53;326.1
29;2932606;Urandi;Nordeste;33;844;2847;5.5;18.54;337.3
31;3106200;Belo Horizonte;Sudeste;5113;111481;461752;4.82;19.95;414.2
31;3112307;Capelinha;Sudeste;90;2700;5060;6.82;12.79;187.4
31;3119203;Coroaci;Sudeste;29;493;2120;4.53;19.48;430.0
31;3122306;Divinópolis;Sudeste;535;12609;41789;5.48;18.15;331.4
31;3145877;Orizânia;Sudeste;21;597;1279;7.08;15.16;214.2
31;3157005;Salinas;Sudeste;81;2305;7699;5.74;19.16;334.0
32;3201209;Cachoeiro de Itapemirim;Sudeste;405;11014;32885;5.97;17.81;298.6
32;3202454;Ibatiba;Sudeste;54;1792;3852;7.06;15.18;215.0
33;3301702;Duque de Caxias;Sudeste;1805;49590;128375;6.14;15.89;258.9
33;3302403;Macaé;Sudeste;679;16198;32328;6.58;13.13;199.6
33;3303500;Nova Iguaçu;Sudeste;1595;47348;127048;6.03;16.18;268.3
33;3304557;Rio de Janeiro;Sudeste;13371;310157;1251310;5.01;20.23;403.4
33;3304904;São Gonçalo;Sudeste;2362;46132;170980;5.15;19.07;370.6
33;3305208;São Pedro da Aldeia;Sudeste;353;6528;17261;6.28;16.6;264.4
35;3502804;Araçatuba;Sudeste;502;10425;39065;5.22;19.55;374.7
35;3509502;Campinas;Sudeste;2502;59220;209015;5.2;18.37;352.9
35;3517505;Guapiaçu;Sudeste;50;1280;3568;5.9;16.43;278.8
35;3518701;Guarujá;Sudeste;701;17247;43025;6.0;14.96;249.5
35;3518800;Guarulhos;Sudeste;2426;78389;178048;6.09;13.84;227.1
35;3520103;Igarapava;Sudeste;62;1447;5219;5.52;19.92;360.7
35;3529401;Mauá;Sudeste;830;24422;60256;5.85;14.42;246.7
35;3545209;Salto;Sudeste;207;8272;21008;6.16;15.64;254.0
35;3548708;São Bernardo do Campo;Sudeste;1709;40949;138927;5.05;17.14;339.3
35;3548807;São Caetano do Sul;Sudeste;421;7314;40102;4.42;24.23;548.3
35;3550308;São Paulo;Sudeste;26679;598406;2020436;5.23;17.66;337.6
35;3552700;Tabatinga;Sudeste;36;967;2637;6.56;17.88;272.7
41;4106902;Curitiba;Sul;3168;84941;321404;4.79;18.12;378.4
41;4118501;Pato Branco;Sul;170;5892;13789;6.42;15.02;234.0
41;4123857;Santa Maria do Oeste;Sul;37;632;1788;6.36;18.0;282.9
41;4125506;São José dos Pinhais;Sul;512;21128;38989;6.43;11.87;184.5
42;4217808;Taió;Sul;67;1182;3290;6.47;18.0;278.3
43;4304606;Canoas;Sul;645;19504;60339;5.61;17.36;309.4
43;4305355;Charqueadas;Sul;61;1668;6024;5.33;19.24;361.2
43;4314902;Porto Alegre;Sul;2695;64131;291886;4.82;21.95;455.1
43;4319307;São Paulo das Missões;Sul;18;291;1708;4.98;29.22;586.9
50;5002704;Campo Grande;Centro-Oeste;1645;59748;134099;6.69;15.03;224.4
51;5103007;Chapada dos Guimarães;Centro-Oeste;70;1283;3425;6.76;18.06;267.0
52;5201108;Anápolis;Centro-Oeste;581;26004;56322;6.54;14.16;216.6
52;5208608;Goianésia;Centro-Oeste;105;4809;9999;6.55;13.63;207.9
52;5208707;Goiânia;Centro-Oeste;2289;83641;216273;5.82;15.05;258.6
52;5222054;Vicentinópolis;Centro-Oeste;16;632;1033;7.21;11.78;163.4
53;5300108;Brasília;Centro-Oeste;5264;166662;363963;5.95;13.0;218.4
