CD_UF;CD_MUN;NM_MUN;variavel;n;media;dp;p25;mediana;p75
13;1300300;Autazes;pct_sem_banheiro;35.0;0.0538222609018581;0.08689904929154232;0.0;0.02336448598130841;0.06339160136628491
13;1300300;Autazes;pct_sem_banheiro_nem_sanitario;34.0;0.0003961180431768667;0.0023097452544445637;0.0;0.0;0.0
13;1302603;Manaus;pct_sem_banheiro;2343.0;0.009048176986752138;0.03796824242117532;0.0;0.0;0.0
13;1302603;Manaus;pct_sem_banheiro_nem_sanitario;2898.0;0.0004691005971704911;0.00767911235557515;0.0;0.0;0.0
15;1500800;Ananindeua;pct_sem_banheiro;560.0;0.0068991611284635965;0.03016269266697231;0.0;0.0;0.0
15;1500800;Ananindeua;pct_sem_banheiro_nem_sanitario;665.0;0.0011475501164398291;0.014164248371893395;0.0;0.0;0.0
15;1501402;Belém;pct_sem_banheiro;1455.0;0.012147772516929941;0.04203997768045764;0.0;0.0;0.014842351645325623
15;1501402;Belém;pct_sem_banheiro_nem_sanitario;1817.0;0.0009060625758683704;0.015801011331624825;0.0;0.0;0.0
15;1505650;Placas;pct_sem_banheiro;13.0;0.13155767026899623;0.1705300923082924;0.020134228187919462;0.06862745098039216;0.14678899082568808
15;1505650;Placas;pct_sem_banheiro_nem_sanitario;12.0;0.0022935779816513763;0.007945187190682924;0.0;0.0;0.0
15;1505809;Portel;pct_sem_banheiro;24.0;0.16208335855494208;0.20229079238342426;0.03423989661654135;0.08479972692710602;0.19251179245283018
15;1505809;Portel;pct_sem_banheiro_nem_sanitario;24.0;0.005220937637957943;0.014102684597075761;0.0;0.0;0.0
21;2109601;Rosário;pct_sem_banheiro;32.0;0.11534929377272807;0.14294486581988258;0.015346778160354157;0.0391449020592667;0.15724289297658864
21;2109601;Rosário;pct_sem_banheiro_nem_sanitario;26.0;0.0033424019389714263;0.006904729031282482;0.0;0.0;0.0
21;2111201;São José de Ribamar;pct_sem_banheiro;462.0;0.03294484760628518;0.07242790951260138;0.0;0.0;0.029630168899242866
21;2111201;São José de Ribamar;pct_sem_banheiro_nem_sanitario;506.0;0.0025172947004575724;0.012296805653657544;0.0;0.0;0.0
21;2111300;São Luís;pct_sem_banheiro;1307.0;0.029245512686155148;0.06596865376111226;0.0;0.0;0.030457637600494743
21;2111300;São Luís;pct_sem_banheiro_nem_sanitario;1434.0;0.0026982207130973033;0.018269919524190655;0.0;0.0;0.0
21;2111631;São Raimundo do Doca Bezerra;pct_sem_banheiro;3.0;0.028934518510760853;0.009723990615414277;0.02570266272189349;0.03365384615384615;0.03452603812117086
21;2111631;São Raimundo do Doca Bezerra;pct_sem_banheiro_nem_sanitario;3.0;0.0058997050147492625;0.010218588835214615;0.0;0.0;0.008849557522123894
22;2211001;Teresina;pct_sem_banheiro;1044.0;0.007052715492096744;0.029567722787939794;0.0;0.0;0.0
22;2211001;Teresina;pct_sem_banheiro_nem_sanitario;1241.0;0.0011943306186075744;0.010655036965957987;0.0;0.0;0.0
23;2304400;Fortaleza;pct_sem_banheiro;3486.0;0.002016931123394395;0.0165607531750866;0.0;0.0;0.0
23;2304400;Fortaleza;pct_sem_banheiro_nem_sanitario;4068.0;6.0169881601414287e-05;0.0019328213330798206;0.0;0.0;0.0
23;2304905;Groaíras;pct_sem_banheiro;8.0;0.004983295934926773;0.007018766911231911;0.0;0.0;0.011300913589645984
23;2304905;Groaíras;pct_sem_banheiro_nem_sanitario;11.0;0.0;0.0;0.0;0.0;0.0
23;2307601;Limoeiro do Norte;pct_sem_banheiro;80.0;0.0009579422341414356;0.005486414751600711;0.0;0.0;0.0
23;2307601;Limoeiro do Norte;pct_sem_banheiro_nem_sanitario;92.0;0.0;0.0;0.0;0.0;0.0
24;2408102;Natal;pct_sem_banheiro;893.0;0.001157888991513854;0.0069892707691904;0.0;0.0;0.0
24;2408102;Natal;pct_sem_banheiro_nem_sanitario;1031.0;5.4511688057804946e-05;0.001323230974410425;0.0;0.0;0.0
25;2500908;Arara;pct_sem_banheiro;12.0;0.014422152652365794;0.0269932492419894;0.0;0.0;0.01206140350877193
25;2500908;Arara;pct_sem_banheiro_nem_sanitario;17.0;0.0;0.0;0.0;0.0;0.0
26;2603454;Camaragibe;pct_sem_banheiro;212.0;0.007125912913878101;0.02417044498179607;0.0;0.0;0.0
26;2603454;Camaragibe;pct_sem_banheiro_nem_sanitario;253.0;0.0;0.0;0.0;0.0;0.0
26;2607950;Jaqueira;pct_sem_banheiro;8.0;0.016776080466528724;0.02868880725051719;0.0;0.00395778364116095;0.016319745022428583
26;2607950;Jaqueira;pct_sem_banheiro_nem_sanitario;7.0;0.0027262813522355507;0.007213062462008153;0.0;0.0;0.0
26;2611606;Recife;pct_sem_banheiro;2209.0;0.005817601870334354;0.03827394250739418;0.0;0.0;0.0
26;2611606;Recife;pct_sem_banheiro_nem_sanitario;2608.0;0.0005574631745187354;0.01105164695345456;0.0;0.0;0.0
26;2600401;Água Preta;pct_sem_banheiro;19.0;0.0050526315789473685;0.02202391045157393;0.0;0.0;0.0
26;2600401;Água Preta;pct_sem_banheiro_nem_sanitario;29.0;0.0008275862068965517;0.004456688116249245;0.0;0.0;0.0
27;2704302;Maceió;pct_sem_banheiro;1297.0;0.0024375852172456086;0.026298326764124656;0.0;0.0;0.0
27;2704302;Maceió;pct_sem_banheiro_nem_sanitario;1471.0;0.00014657028944498334;0.003826623461161846;0.0;0.0;0.0
27;2704708;Marechal Deodoro;pct_sem_banheiro;63.0;0.004646401214327302;0.011074797486299741;0.0;0.0;0.0035842293906810036
27;2704708;Marechal Deodoro;pct_sem_banheiro_nem_sanitario;79.0;0.0004229605828973329;0.0026425569833783942;0.0;0.0;0.0
28;2803401;Japoatã;pct_sem_banheiro;5.0;0.005649717514124294;0.012633152415253049;0.0;0.0;0.0
28;2803401;Japoatã;pct_sem_banheiro_nem_sanitario;4.0;0.0;0.0;0.0;0.0;0.0
29;2910800;Feira de Santana;pct_sem_banheiro;796.0;0.005089201626224706;0.030569565832364764;0.0;0.0;0.0
29;2910800;Feira de Santana;pct_sem_banheiro_nem_sanitario;941.0;0.0004052510771251249;0.0056836353025553725;0.0;0.0;0.0
29;2915502;Itajuípe;pct_sem_banheiro;19.0;0.007089543753500706;0.015078374126755998;0.0;0.0;0.00424929178470255
29;2915502;Itajuípe;pct_sem_banheiro_nem_sanitario;21.0;0.0;0.0;0.0;0.0;0.0
29;2916401;Itapetinga;pct_sem_banheiro;81.0;0.0010635440454052731;0.004968838891362369;0.0;0.0;0.0
29;2916401;Itapetinga;pct_sem_banheiro_nem_sanitario;101.0;0.0;0.0;0.0;0.0;0.0
29;2927408;Salvador;pct_sem_banheiro;3704.0;0.0006572098836382157;0.0058089420185939685;0.0;0.0;0.0
29;2927408;Salvador;pct_sem_banheiro_nem_sanitario;4294.0;5.976315806128392e-05;0.0013657702898455205;0.0;0.0;0.0
29;2932606;Urandi;pct_sem_banheiro;7.0;0.0;0.0;0.0;0.0;0.0
29;2932606;Urandi;pct_sem_banheiro_nem_sanitario;9.0;0.0;0.0;0.0;0.0;0.0
31;3106200;Belo Horizonte;pct_sem_banheiro;4636.0;0.000548128399746047;0.01195113485420577;0.0;0.0;0.0
31;3106200;Belo Horizonte;pct_sem_banheiro_nem_sanitario;5037.0;0.0;0.0;0.0;0.0;0.0
31;3112307;Capelinha;pct_sem_banheiro;45.0;0.0008547008547008547;0.0057335076346148465;0.0;0.0;0.0
31;3112307;Capelinha;pct_sem_banheiro_nem_sanitario;53.0;0.0;0.0;0.0;0.0;0.0
31;3119203;Coroaci;pct_sem_banheiro;11.0;0.0;0.0;0.0;0.0;0.0
31;3119203;Coroaci;pct_sem_banheiro_nem_sanitario;11.0;0.0;0.0;0.0;0.0;0.0
31;3122306;Divinópolis;pct_sem_banheiro;478.0;0.0;0.0;0.0;0.0;0.0
31;3122306;Divinópolis;pct_sem_banheiro_nem_sanitario;491.0;0.0;0.0;0.0;0.0;0.0
31;3145877;Orizânia;pct_sem_banheiro;4.0;0.0;0.0;0.0;0.0;0.0
31;3145877;Orizânia;pct_sem_banheiro_nem_sanitario;5.0;0.0;0.0;0.0;0.0;0.0
31;3157005;Salinas;pct_sem_banheiro;39.0;0.0009790469656690392;0.00450213393986298;0.0;0.0;0.0
31;3157005;Salinas;pct_sem_banheiro_nem_sanitario;50.0;0.0;0.0;0.0;0.0;0.0
32;3201209;Cachoeiro de Itapemirim;pct_sem_banheiro;331.0;0.00032323529141681744;0.00485081969744366;0.0;0.0;0.0
32;3201209;Cachoeiro de Itapemirim;pct_sem_banheiro_nem_sanitario;359.0;0.0;0.0;0.0;0.0;0.0
32;3202454;Ibatiba;pct_sem_banheiro;32.0;0.0;0.0;0.0;0.0;0.0
32;3202454;Ibatiba;pct_sem_banheiro_nem_sanitario;35.0;0.0;0.0;0.0;0.0;0.0
33;3301702;Duque de Caxias;pct_sem_banheiro;1466.0;0.003363056805277367;0.031779501298746876;0.0;0.0;0.0
33;3301702;Duque de Caxias;pct_sem_banheiro_nem_sanitario;1720.0;0.00017007033317490333;0.0034138193665929732;0.0;0.0;0.0
33;3302403;Macaé;pct_sem_banheiro;568.0;0.0007219507746323401;0.011716939921215424;0.0;0.0;0.0
33;3302403;Macaé;pct_sem_banheiro_nem_sanitario;609.0;0.0;0.0;0.0;0.0;0.0
33;3303500;Nova Iguaçu;pct_sem_banheiro;1294.0;0.0006491804390762572;0.004609538977862048;0.0;0.0;0.0
33;3303500;Nova Iguaçu;pct_sem_banheiro_nem_sanitario;1521.0;3.298105251538138e-05;0.0009346899535900162;0.0;0.0;0.0
33;3304557;Rio de Janeiro;pct_sem_banheiro;12132.0;0.0011091161808098231;0.01683917777704856;0.0;0.0;0.0
33;3304557;Rio de Janeiro;pct_sem_banheiro_nem_sanitario;13135.0;1.9011461075637565e-05;0.0007946609759283406;0.0;0.0;0.0
33;3304904;São Gonçalo;pct_sem_banheiro;2038.0;0.0007886268659732768;0.008021413967703537;0.0;0.0;0.0
33;3304904;São Gonçalo;pct_sem_banheiro_nem_sanitario;2299.0;3.783738399288705e-05;0.001071766577921467;0.0;0.0;0.0
33;3305208;São Pedro da Aldeia;pct_sem_banheiro;300.0;0.00025625537571350376;0.0027099051905094154;0.0;0.0;0.0
33;3305208;São Pedro da Aldeia;pct_sem_banheiro_nem_sanitario;327.0;0.0;0.0;0.0;0.0;0.0
35;3502804;Araçatuba;pct_sem_banheiro;473.0;7.734749651936266e-05;0.0016821969141647658;0.0;0.0;0.0
35;3502804;Araçatuba;pct_sem_banheiro_nem_sanitario;484.0;0.0;0.0;0.0;0.0;0.0
35;3509502;Campinas;pct_sem_banheiro;2350.0;0.0001609952588493944;0.0026830097353607463;0.0;0.0;0.0
35;3509502;Campinas;pct_sem_banheiro_nem_sanitario;2442.0;0.0;0.0;0.0;0.0;0.0
35;3517505;Guapiaçu;pct_sem_banheiro;38.0;0.0;0.0;0.0;0.0;0.0
35;3517505;Guapiaçu;pct_sem_banheiro_nem_sanitario;40.0;0.0;0.0;0.0;0.0;0.0
35;3518701;Guarujá;pct_sem_banheiro;635.0;0.0014217352453848883;0.013377386851032777;0.0;0.0;0.0
35;3518701;Guarujá;pct_sem_banheiro_nem_sanitario;678.0;0.00010301072247974903;0.0022022235929698712;0.0;0.0;0.0
35;3518800;Guarulhos;pct_sem_banheiro;2236.0;0.0005867809068482462;0.01306588354818042;0.0;0.0;0.0
35;3518800;Guarulhos;pct_sem_banheiro_nem_sanitario;2380.0;1.9098548510313215e-05;0.0009317273428304406;0.0;0.0;0.0
35;3520103;Igarapava;pct_sem_banheiro;52.0;0.0002564102564102564;0.0018490006540840972;0.0;0.0;0.0
35;3520103;Igarapava;pct_sem_banheiro_nem_sanitario;55.0;0.0;0.0;0.0;0.0;0.0
35;3529401;Mauá;pct_sem_banheiro;757.0;0.0004278076336031204;0.005877350933346095;0.0;0.0;0.0
35;3529401;Mauá;pct_sem_banheiro_nem_sanitario;812.0;1.3683634373289546e-05;0.0003899235590797758;0.0;0.0;0.0
35;3545209;Salto;pct_sem_banheiro;185.0;7.649158592554819e-05;0.001040398050132747;0.0;0.0;0.0
35;3545209;Salto;pct_sem_banheiro_nem_sanitario;196.0;0.0;0.0;0.0;0.0;0.0
35;3548708;São Bernardo do Campo;pct_sem_banheiro;1584.0;0.00010878390871158156;0.001331361866553876;0.0;0.0;0.0
35;3548708;São Bernardo do Campo;pct_sem_banheiro_nem_sanitario;1670.0;0.0;0.0;0.0;0.0;0.0
35;3548807;São Caetano do Sul;pct_sem_banheiro;403.0;0.00011688568255016682;0.0013596974608014302;0.0;0.0;0.0
35;3548807;São Caetano do Sul;pct_sem_banheiro_nem_sanitario;420.0;0.0;0.0;0.0;0.0;0.0
35;3550308;São Paulo;pct_sem_banheiro;24554.0;0.000981421967004903;0.014057817906415852;0.0;0.0;0.0
35;3550308;São Paulo;pct_sem_banheiro_nem_sanitario;26172.0;5.2174679122939984e-05;0.004340044910154805;0.0;0.0;0.0
35;3552700;Tabatinga;pct_sem_banheiro;28.0;0.0;0.0;0.0;0.0;0.0
35;3552700;Tabatinga;pct_sem_banheiro_nem_sanitario;31.0;0.0;0.0;0.0;0.0;0.0
41;4106902;Curitiba;pct_sem_banheiro;2926.0;0.0009184416108590416;0.01914729751324303;0.0;0.0;0.0
41;4106902;Curitiba;pct_sem_banheiro_nem_sanitario;3125.0;8.264928314343977e-05;0.002962258592950499;0.0;0.0;0.0
41;4118501;Pato Branco;pct_sem_banheiro;141.0;0.00016547217143903962;0.0014329555331552496;0.0;0.0;0.0
41;4118501;Pato Branco;pct_sem_banheiro_nem_sanitario;150.0;0.0;0.0;0.0;0.0;0.0
41;4123857;Santa Maria do Oeste;pct_sem_banheiro;5.0;0.0;0.0;0.0;0.0;0.0
41;4123857;Santa Maria do Oeste;pct_sem_banheiro_nem_sanitario;8.0;0.0;0.0;0.0;0.0;0.0
41;4125506;São José dos Pinhais;pct_sem_banheiro;404.0;0.00030130177923459175;0.0025709305726733076;0.0;0.0;0.0
41;4125506;São José dos Pinhais;pct_sem_banheiro_nem_sanitario;450.0;0.0;0.0;0.0;0.0;0.0
42;4217808;Taió;pct_sem_banheiro;48.0;0.0;0.0;0.0;0.0;0.0
42;4217808;Taió;pct_sem_banheiro_nem_sanitario;49.0;0.0;0.0;0.0;0.0;0.0
43;4304606;Canoas;pct_sem_banheiro;513.0;0.0022097481863788005;0.010735312543053663;0.0;0.0;0.0
43;4304606;Canoas;pct_sem_banheiro_nem_sanitario;629.0;1.4152745868577602e-05;0.00035494906060633535;0.0;0.0;0.0
43;4305355;Charqueadas;pct_sem_banheiro;46.0;0.0013414303976067327;0.00467747558185071;0.0;0.0;0.0
43;4305355;Charqueadas;pct_sem_banheiro_nem_sanitario;56.0;0.0;0.0;0.0;0.0;0.0
43;4314902;Porto Alegre;pct_sem_banheiro;2293.0;0.002586342240072135;0.01628665169816886;0.0;0.0;0.0
43;4314902;Porto Alegre;pct_sem_banheiro_nem_sanitario;2592.0;0.0001156915948028669;0.002320224278779385;0.0;0.0;0.0
43;4319307;São Paulo das Missões;pct_sem_banheiro;5.0;0.0;0.0;0.0;0.0;0.0
43;4319307;São Paulo das Missões;pct_sem_banheiro_nem_sanitario;6.0;0.0;0.0;0.0;0.0;0.0
50;5002704;Campo Grande;pct_sem_banheiro;1440.0;0.0016582714237552338;0.028003833790549843;0.0;0.0;0.0
50;5002704;Campo Grande;pct_sem_banheiro_nem_sanitario;1570.0;0.0;0.0;0.0;0.0;0.0
51;5103007;Chapada dos Guimarães;pct_sem_banheiro;29.0;0.0;0.0;0.0;0.0;0.0
51;5103007;Chapada dos Guimarães;pct_sem_banheiro_nem_sanitario;34.0;0.0;0.0;0.0;0.0;0.0
52;5201108;Anápolis;pct_sem_banheiro;500.0;0.0;0.0;0.0;0.0;0.0
52;5201108;Anápolis;pct_sem_banheiro_nem_sanitario;548.0;0.0;0.0;0.0;0.0;0.0
52;5208608;Goianésia;pct_sem_banheiro;72.0;0.0008494982761007052;0.0034239683551953726;0.0;0.0;0.0
52;5208608;Goianésia;pct_sem_banheiro_nem_sanitario;87.0;0.0;0.0;0.0;0.0;0.0
52;5208707;Goiânia;pct_sem_banheiro;2082.0;0.0009139466443148941;0.019785015539265833;0.0;0.0;0.0
52;5208707;Goiânia;pct_sem_banheiro_nem_sanitario;2239.0;9.240578460211609e-06;0.00043724636297562576;0.0;0.0;0.0
52;5222054;Vicentinópolis;pct_sem_banheiro;11.0;0.0;0.0;0.0;0.0;0.0
52;5222054;Vicentinópolis;pct_sem_banheiro_nem_sanitario;11.0;0.0;0.0;0.0;0.0;0.0
53;5300108;Brasília;pct_sem_banheiro;4551.0;0.00044104927828538665;0.00806284868831519;0.0;0.0;0.0
53;5300108;Brasília;pct_sem_banheiro_nem_sanitario;4857.0;1.8926183399430914e-05;0.0008107193983770926;0.0;0.0;0.0
