CD_UF;CD_MUN;NM_MUN;regiao;n_setores;set_urbana;dom_urbana;set_rural;dom_rural;set_sem;dom_sem;pct_set_urbana;pct_set_rural;pct_dom_urbana;pct_dom_rural
13;1300300;Autazes;Norte;269.0;43.0;5045.0;226.0;5804.0;0.0;0.0;15.99;84.01;46.5;53.5
13;1302603;Manaus;Norte;3281.0;3171.0;623608.0;109.0;6404.0;1.0;0.0;96.65;3.32;98.98;1.02
15;1500800;Ananindeua;Norte;761.0;751.0;154378.0;9.0;499.0;1.0;0.0;98.69;1.18;99.68;0.32
15;1501402;Belém;Norte;2068.0;2029.0;420857.0;29.0;2109.0;10.0;0.0;98.11;1.4;99.5;0.5
15;1505650;Placas;Norte;51.0;16.0;2557.0;35.0;3317.0;0.0;0.0;31.37;68.63;43.53;56.47
15;1505809;Portel;Norte;91.0;26.0;7006.0;52.0;6277.0;13.0;0.0;28.57;57.14;52.74;47.26
21;2109601;Rosário;Nordeste;92.0;37.0;8186.0;54.0;3936.0;1.0;0.0;40.22;58.7;67.53;32.47
21;2111201;São José de Ribamar;Nordeste;609.0;598.0;79972.0;11.0;1081.0;0.0;0.0;98.19;1.81;98.67;1.33
21;2111300;São Luís;Nordeste;1736.0;1705.0;346138.0;28.0;2562.0;3.0;0.0;98.21;1.61;99.27;0.73
21;2111631;São Raimundo do Doca Bezerra;Nordeste;20.0;3.0;603.0;17.0;1080.0;0.0;0.0;15.0;85.0;35.83;64.17
22;2211001;Teresina;Nordeste;1531.0;1403.0;265899.0;127.0;13956.0;1.0;0.0;91.64;8.3;95.01;4.99
23;2304400;Fortaleza;Nordeste;4408.0;4407.0;860090.0;0.0;0.0;1.0;0.0;99.98;0.0;100.0;0.0
23;2304905;Groaíras;Nordeste;24.0;14.0;2835.0;10.0;1174.0;0.0;0.0;58.33;41.67;70.72;29.28
23;2307601;Limoeiro do Norte;Nordeste;174.0;97.0;15831.0;77.0;5588.0;0.0;0.0;55.75;44.25;73.91;26.09
24;2408102;Natal;Nordeste;1129.0;1124.0;270031.0;0.0;0.0;5.0;0.0;99.56;0.0;100.0;0.0
25;2500908;Arara;Nordeste;31.0;19.0;3483.0;12.0;850.0;0.0;0.0;61.29;38.71;80.38;19.62
26;2600401;Água Preta;Nordeste;70.0;33.0;5818.0;37.0;2961.0;0.0;0.0;47.14;52.86;66.27;33.73
26;2603454;Camaragibe;Nordeste;272.0;272.0;53357.0;0.0;0.0;0.0;0.0;100.0;0.0;100.0;0.0
26;2607950;Jaqueira;Nordeste;19.0;9.0;2188.0;10.0;1074.0;0.0;0.0;47.37;52.63;67.08;32.92
26;2611606;Recife;Nordeste;2835.0;2834.0;547443.0;0.0;0.0;1.0;0.0;99.96;0.0;100.0;0.0
27;2704302;Maceió;Nordeste;1620.0;1615.0;335614.0;4.0;114.0;1.0;0.0;99.69;0.25;99.97;0.03
27;2704708;Marechal Deodoro;Nordeste;102.0;89.0;19202.0;12.0;421.0;1.0;0.0;87.25;11.76;97.85;2.15
28;2803401;Japoatã;Nordeste;36.0;7.0;1533.0;29.0;3042.0;0.0;0.0;19.44;80.56;33.51;66.49
29;2910800;Feira de Santana;Nordeste;1103.0;1006.0;208162.0;97.0;13422.0;0.0;0.0;91.21;8.79;93.94;6.06
29;2915502;Itajuípe;Nordeste;47.0;29.0;5769.0;18.0;1230.0;0.0;0.0;61.7;38.3;82.43;17.57
29;2916401;Itapetinga;Nordeste;115.0;105.0;23119.0;10.0;939.0;0.0;0.0;91.3;8.7;96.1;3.9
29;2927408;Salvador;Nordeste;4542.0;4541.0;958539.0;0.0;0.0;1.0;0.0;99.98;0.0;100.0;0.0
29;2932606;Urandi;Nordeste;33.0;9.0;2194.0;24.0;2941.0;0.0;0.0;27.27;72.73;42.73;57.27
31;3106200;Belo Horizonte;Sudeste;5166.0;5166.0;889554.0;0.0;0.0;0.0;0.0;100.0;0.0;100.0;0.0
31;3112307;Capelinha;Sudeste;93.0;59.0;11689.0;34.0;2457.0;0.0;0.0;63.44;36.56;82.63;17.37
31;3119203;Coroaci;Sudeste;29.0;11.0;1864.0;18.0;1434.0;0.0;0.0;37.93;62.07;56.52;43.48
31;3122306;Divinópolis;Sudeste;548.0;508.0;84885.0;40.0;2190.0;0.0;0.0;92.7;7.3;97.48;2.52
31;3145877;Orizânia;Sudeste;21.0;5.0;1160.0;16.0;1855.0;0.0;0.0;23.81;76.19;38.47;61.53
31;3157005;Salinas;Sudeste;81.0;53.0;12400.0;28.0;2492.0;0.0;0.0;65.43;34.57;83.27;16.73
32;3201209;Cachoeiro de Itapemirim;Sudeste;411.0;371.0;66446.0;40.0;4533.0;0.0;0.0;90.27;9.73;93.61;6.39
32;3202454;Ibatiba;Sudeste;54.0;35.0;6159.0;19.0;3137.0;0.0;0.0;64.81;35.19;66.25;33.75
33;3301702;Duque de Caxias;Sudeste;1837.0;1817.0;297397.0;20.0;659.0;0.0;0.0;98.91;1.09;99.78;0.22
33;3302403;Macaé;Sudeste;740.0;667.0;90136.0;71.0;2546.0;2.0;0.0;90.14;9.59;97.25;2.75
33;3303500;Nova Iguaçu;Sudeste;1638.0;1598.0;286464.0;40.0;1134.0;0.0;0.0;97.56;2.44;99.61;0.39
33;3304557;Rio de Janeiro;Sudeste;13782.0;13776.0;2436849.0;1.0;22.0;5.0;0.0;99.96;0.01;100.0;0.0
33;3304904;São Gonçalo;Sudeste;2413.0;2407.0;357984.0;6.0;91.0;0.0;0.0;99.75;0.25;99.97;0.03
33;3305208;São Pedro da Aldeia;Sudeste;375.0;347.0;37275.0;24.0;1043.0;4.0;0.0;92.53;6.4;97.28;2.72
35;3502804;Araçatuba;Sudeste;523.0;499.0;76520.0;23.0;1246.0;1.0;0.0;95.41;4.4;98.4;1.6
35;3509502;Campinas;Sudeste;2592.0;2534.0;427416.0;58.0;2088.0;0.0;0.0;97.76;2.24;99.51;0.49
35;3517505;Guapiaçu;Sudeste;50.0;40.0;7247.0;10.0;488.0;0.0;0.0;80.0;20.0;93.69;6.31
35;3518701;Guarujá;Sudeste;772.0;715.0;99085.0;54.0;280.0;3.0;0.0;92.62;6.99;99.72;0.28
35;3518800;Guarulhos;Sudeste;2510.0;2485.0;450311.0;25.0;198.0;0.0;0.0;99.0;1.0;99.96;0.04
35;3520103;Igarapava;Sudeste;65.0;56.0;9554.0;9.0;299.0;0.0;0.0;86.15;13.85;96.97;3.03
35;3529401;Mauá;Sudeste;846.0;839.0;152153.0;7.0;463.0;0.0;0.0;99.17;0.83;99.7;0.3
35;3545209;Salto;Sudeste;215.0;197.0;46263.0;18.0;523.0;0.0;0.0;91.63;8.37;98.88;1.12
35;3548708;São Bernardo do Campo;Sudeste;1759.0;1718.0;299370.0;38.0;1274.0;3.0;0.0;97.67;2.16;99.58;0.42
35;3548807;São Caetano do Sul;Sudeste;431.0;431.0;61987.0;0.0;0.0;0.0;0.0;100.0;0.0;100.0;0.0
35;3550308;São Paulo;Sudeste;27301.0;27037.0;4301943.0;254.0;5366.0;10.0;0.0;99.03;0.93;99.88;0.12
35;3552700;Tabatinga;Sudeste;39.0;33.0;5021.0;6.0;491.0;0.0;0.0;84.62;15.38;91.09;8.91
41;4106902;Curitiba;Sul;3190.0;3190.0;685853.0;0.0;0.0;0.0;0.0;100.0;0.0;100.0;0.0
41;4118501;Pato Branco;Sul;172.0;153.0;32650.0;19.0;1663.0;0.0;0.0;88.95;11.05;95.15;4.85
41;4123857;Santa Maria do Oeste;Sul;37.0;8.0;1117.0;29.0;2489.0;0.0;0.0;21.62;78.38;30.98;69.02
41;4125506;São José dos Pinhais;Sul;522.0;462.0;109928.0;60.0;7195.0;0.0;0.0;88.51;11.49;93.86;6.14
42;4217808;Taió;Sul;74.0;55.0;4602.0;19.0;2222.0;0.0;0.0;74.32;25.68;67.44;32.56
43;4304606;Canoas;Sul;659.0;659.0;132820.0;0.0;0.0;0.0;0.0;100.0;0.0;100.0;0.0
43;4305355;Charqueadas;Sul;70.0;63.0;11708.0;7.0;285.0;0.0;0.0;90.0;10.0;97.62;2.38
43;4314902;Porto Alegre;Sul;2744.0;2717.0;557314.0;21.0;914.0;6.0;0.0;99.02;0.77;99.84;0.16
43;4319307;São Paulo das Missões;Sul;18.0;6.0;948.0;12.0;1283.0;0.0;0.0;33.33;66.67;42.49;57.51
50;5002704;Campo Grande;Centro-Oeste;1665.0;1621.0;322132.0;44.0;3698.0;0.0;0.0;97.36;2.64;98.87;1.13
51;5103007;Chapada dos Guimarães;Centro-Oeste;75.0;35.0;4619.0;40.0;2263.0;0.0;0.0;46.67;53.33;67.12;32.88
52;5201108;Anápolis;Centro-Oeste;593.0;567.0;139991.0;26.0;2334.0;0.0;0.0;95.62;4.38;98.36;1.64
52;5208608;Goianésia;Centro-Oeste;108.0;91.0;24539.0;17.0;1487.0;0.0;0.0;84.26;15.74;94.29;5.71
52;5208707;Goiânia;Centro-Oeste;2310.0;2291.0;548278.0;19.0;775.0;0.0;0.0;99.18;0.82;99.86;0.14
52;5222054;Vicentinópolis;Centro-Oeste;17.0;12.0;2834.0;5.0;310.0;0.0;0.0;70.59;29.41;90.14;9.86
53;5300108;Brasília;Centro-Oeste;5418.0;5021.0;959203.0;393.0;28873.0;4.0;0.0;92.67;7.25;97.08;2.92
