Arquivo;Numero_de_Linhas;Colunas
Agregados_por_setores_alfabetizacao_BR.csv;458772;CD_setor | V00644 | V00645 | V00646 | V00647 | V00648 | V00649 | V00650 | V00651 | V00652 | V00653 | V00654 | V00655 | V00656 | V00657 | V00658 | V00659 | V00660 | V00661 | V00662 | V00663 | V00664 | V00665 | V00666 | V00667 | V00668 | V00669 | V00670 | V00671 | V00672 | V00673 | V00674 | V00675 | V00676 | V00677 | V00678 | V00679 | V00680 | V00681 | V00682 | V00683 | V00684 | V00685 | V00686 | V00687 | V00688 | V00689 | V00690 | V00691 | V00692 | V00693 | V00694 | V00695 | V00696 | V00697 | V00698 | V00699 | V00700 | V00701 | V00702 | V00703 | V00704 | V00705 | V00706 | V00707 | V00708 | V00709 | V00710 | V00711 | V00712 | V00713 | V00714 | V00715 | V00716 | V00717 | V00718 | V00719 | V00720 | V00721 | V00722 | V00723 | V00724 | V00725 | V00726 | V00727 | V00728 | V00729 | V00730 | V00731 | V00732 | V00733 | V00734 | V00735 | V00736 | V00737 | V00738 | V00739 | V00740 | V00741 | V00742 | V00743 | V00744 | V00745 | V00746 | V00747 | V00748 | V00749 | V00750 | V00751 | V00752 | V00753 | V00754 | V00755 | V00756 | V00757 | V00758 | V00759 | V00760 | V00761 | V00762 | V00763 | V00764 | V00765 | V00766 | V00767 | V00768 | V00769 | V00770 | V00771 | V00772 | V00773 | V00774 | V00775 | V00776 | V00777 | V00778 | V00779 | V00780 | V00781 | V00782 | V00783 | V00784 | V00785 | V00786 | V00787 | V00788 | V00789 | V00790 | V00791 | V00792 | V00793 | V00794 | V00795 | V00796 | V00797 | V00798 | V00799 | V00800 | V00801 | V00802 | V00803 | V00804 | V00805 | V00806 | V00807 | V00808 | V00809 | V00810 | V00811 | V00812 | V00813 | V00814 | V00815 | V00816 | V00817 | V00818 | V00819 | V00820 | V00821 | V00822 | V00823 | V00824 | V00825 | V00826 | V00827 | V00828 | V00829 | V00830 | V00831 | V00832 | V00833 | V00834 | V00835 | V00836 | V00837 | V00838 | V00839 | V00840 | V00841 | V00842 | V00843 | V00844 | V00845 | V00846 | V00847 | V00848 | V00849 | V00850 | V00851 | V00852 | V00853 | V00854 | V00855 | V00856 | V00857 | V00858 | V00859 | V00860 | V00861 | V00862 | V00863 | V00864 | V00865 | V00866 | V00867 | V00868 | V00869 | V00870 | V00871 | V00872 | V00873 | V00874 | V00875 | V00876 | V00877 | V00878 | V00879 | V00880 | V00881 | V00882 | V00883 | V00884 | V00885 | V00886 | V00887 | V00888 | V00889 | V00890 | V00891 | V00892 | V00893 | V00894 | V00895 | V00896 | V00897 | V00898 | V00899 | V00900 | V00901 | V00902 | V00903 | V00904 | V00905 | V00906 | V00907 | V00908 | V00909 | V00910 | V00911 | V00912 | V00913 | V00914 | V00915 | V00916 | V00917 | V00918 | V00919 | V00920 | V00921 | V00922 | V00923 | V00924 | V00925 | V00926 | V00927 | V00928 | V00929 | V00930 | V00931 | V00932 | V00933 | V00934 | V00935 | V00936 | V00937 | V00938 | V00939 | V00940 | V00941 | V00942 | V00943 | V00944 | V00945 | V00946 | V00947 | V00948 | V00949 | V00950 | V00951 | V00952 | V00953 | V00954 | V00955 | V00956 | V00957 | V00958 | V00959 | V00960 | V00961 | V00962 | V00963 | V00964 | V00965 | V00966 | V00967 | V00968 | V00969 | V00970 | V00971 | V00972 | V00973 | V00974 | V00975 | V00976 | V00977 | V00978 | V00979 | V00980 | V00981 | V00982 | V00983 | V00984 | V00985 | V00986 | V00987 | V00988 | V00989 | V00990 | V00991 | V00992 | V00993 | V00994 | V00995 | V00996 | V00997 | V00998 | V00999 | V01000 | V01001 | V01002 | V01003 | V01004 | V01005
Agregados_por_setores_basico_BR_20250417.csv;468099;CD_SETOR | SITUACAO | CD_SIT | CD_TIPO | AREA_KM2 | CD_REGIAO | NM_REGIAO | CD_UF | NM_UF | CD_MUN | NM_MUN | CD_DIST | NM_DIST | CD_SUBDIST | NM_SUBDIST | CD_BAIRRO | NM_BAIRRO | CD_NU | NM_NU | CD_FCU | NM_FCU | CD_AGLOM | NM_AGLOM | CD_RGINT | NM_RGINT | CD_RGI | NM_RGI | CD_CONCURB | NM_CONCURB | v0001 | v0002 | v0003 | v0004 | v0005 | v0006 | v0007
Agregados_por_setores_caracteristicas_domicilio1_BR.csv;458772;CD_setor | V00001 | V00002 | V00003 | V00004 | V00005 | V00006 | V00007 | V00008 | V00009 | V00010 | V00011 | V00012 | V00013 | V00014 | V00015 | V00016 | V00017 | V00018 | V00019 | V00020 | V00021 | V00022 | V00023 | V00024 | V00025 | V00026 | V00027 | V00028 | V00029 | V00030 | V00031 | V00032 | V00033 | V00034 | V00035 | V00036 | V00037 | V00038 | V00039 | V00040 | V00041 | V00042 | V00043 | V00044 | V00045 | V00046 | V00047 | V00048 | V00049 | V00050 | V00051 | V00052 | V00053 | V00054 | V00055 | V00056 | V00057 | V00058 | V00059 | V00060 | V00061 | V00062 | V00063 | V00064 | V00065 | V00066 | V00067 | V00068 | V00069 | V00070 | V00071 | V00072 | V00073 | V00074 | V00075 | V00076 | V00077 | V00078 | V00079 | V00080 | V00081 | V00082 | V00083 | V00084 | V00085 | V00086 | V00087 | V00088 | V00089
Agregados_por_setores_caracteristicas_domicilio2_BR_20250417.csv;458772;setor | V00090 | V00091 | V00092 | V00093 | V00094 | V00095 | V00096 | V00097 | V00098 | V00099 | V00100 | V00101 | V00102 | V00103 | V00104 | V00105 | V00106 | V00107 | V00108 | V00109 | V00110 | V00111 | V00112 | V00113 | V00114 | V00115 | V00116 | V00117 | V00118 | V00119 | V00120 | V00121 | V00122 | V00123 | V00124 | V00125 | V00126 | V00127 | V00128 | V00129 | V00130 | V00131 | V00132 | V00133 | V00134 | V00135 | V00136 | V00137 | V00138 | V00139 | V00140 | V00141 | V00142 | V00143 | V00144 | V00145 | V00146 | V00147 | V00148 | V00149 | V00150 | V00151 | V00152 | V00153 | V00154 | V00155 | V00156 | V00157 | V00158 | V00159 | V00160 | V00161 | V00162 | V00163 | V00164 | V00165 | V00166 | V00167 | V00168 | V00169 | V00170 | V00171 | V00172 | V00173 | V00174 | V00175 | V00176 | V00177 | V00178 | V00179 | V00180 | V00181 | V00182 | V00183 | V00184 | V00185 | V00186 | V00187 | V00188 | V00189 | V00190 | V00191 | V00192 | V00193 | V00194 | V00195 | V00196 | V00197 | V00198 | V00199 | V00200 | V00201 | V00202 | V00203 | V00204 | V00205 | V00206 | V00207 | V00208 | V00209 | V00210 | V00211 | V00212 | V00213 | V00214 | V00215 | V00216 | V00217 | V00218 | V00219 | V00220 | V00221 | V00222 | V00223 | V00224 | V00225 | V00226 | V00227 | V00228 | V00229 | V00230 | V00231 | V00232 | V00233 | V00234 | V00235 | V00236 | V00237 | V00238 | V00239 | V00240 | V00241 | V00242 | V00243 | V00244 | V00245 | V00246 | V00247 | V00248 | V00249 | V00250 | V00251 | V00252 | V00253 | V00254 | V00255 | V00256 | V00257 | V00258 | V00259 | V00260 | V00261 | V00262 | V00263 | V00264 | V00265 | V00266 | V00267 | V00268 | V00269 | V00270 | V00271 | V00272 | V00273 | V00274 | V00275 | V00276 | V00277 | V00278 | V00279 | V00280 | V00281 | V00282 | V00283 | V00284 | V00285 | V00286 | V00287 | V00288 | V00289 | V00290 | V00291 | V00292 | V00293 | V00294 | V00295 | V00296 | V00297 | V00298 | V00299 | V00300 | V00301 | V00302 | V00303 | V00304 | V00305 | V00306 | V00307 | V00308 | V00309 | V00310 | V00311 | V00312 | V00313 | V00314 | V00315 | V00316 | V00317 | V00318 | V00319 | V00320 | V00321 | V00322 | V00323 | V00324 | V00325 | V00326 | V00327 | V00328 | V00329 | V00330 | V00331 | V00332 | V00333 | V00334 | V00335 | V00336 | V00337 | V00338 | V00339 | V00340 | V00341 | V00342 | V00343 | V00344 | V00345 | V00346 | V00347 | V00348 | V00349 | V00350 | V00351 | V00352 | V00353 | V00354 | V00355 | V00356 | V00357 | V00358 | V00359 | V00360 | V00361 | V00362 | V00363 | V00364 | V00365 | V00366 | V00367 | V00368 | V00369 | V00370 | V00371 | V00372 | V00373 | V00374 | V00375 | V00376 | V00377 | V00378 | V00379 | V00380 | V00381 | V00382 | V00383 | V00384 | V00385 | V00386 | V00387 | V00388 | V00389 | V00390 | V00391 | V00392 | V00393 | V00394 | V00395 | V00396 | V00397 | V00398 | V00399 | V00400 | V00401 | V00402 | V00403 | V00404 | V00405 | V00406 | V00407 | V00408 | V00409 | V00410 | V00411 | V00412 | V00413 | V00414 | V00415 | V00416 | V00417 | V00418 | V00419 | V00420 | V00421 | V00422 | V00423 | V00424 | V00425 | V00426 | V00427 | V00428 | V00429 | V00430 | V00431 | V00432 | V00433 | V00434 | V00435 | V00436 | V00437 | V00438 | V00439 | V00440 | V00441 | V00442 | V00443 | V00444 | V00445 | V00446 | V00447 | V00448 | V00449 | V00450 | V00451 | V00452 | V00453 | V00454 | V00455 | V00456 | V00457 | V00458 | V00459 | V00460 | V00461 | V00462 | V00463 | V00464 | V00465 | V00466 | V00467 | V00468 | V00469 | V00470 | V00471 | V00472 | V00473 | V00474 | V00475 | V00476 | V00477 | V00478 | V00479 | V00480 | V00481 | V00482 | V00483 | V00484 | V00485 | V00486 | V00487 | V00488 | V00489 | V00490 | V00491 | V00492 | V00493 | V00494 | V00495
Agregados_por_setores_caracteristicas_domicilio3_BR_20250417.csv;458772;setor | V00496 | V00497 | V00498 | V00499 | V00500 | V00501 | V00502 | V00503 | V00504 | V00505 | V00506 | V00507 | V00508 | V00509 | V00510 | V00511 | V00512 | V00513 | V00514 | V00515 | V00516 | V00517 | V00518 | V00519 | V00520 | V00521 | V00522 | V00523 | V00524 | V00525 | V00526 | V00527 | V00528 | V00529 | V00530 | V00531 | V00532 | V00533 | V00534 | V00535 | V00536 | V00537 | V00538 | V00539 | V00540 | V00541 | V00542 | V00543 | V00544 | V00545 | V00546 | V00547 | V00548 | V00549 | V00550 | V00551 | V00552 | V00553 | V00554 | V00555 | V00556 | V00557 | V00558 | V00559 | V00560 | V00561 | V00562 | V00563 | V00564 | V00565 | V00566 | V00567 | V00568 | V00569 | V00570 | V00571 | V00572 | V00573 | V00574 | V00575 | V00576 | V00577 | V00578 | V00579 | V00580 | V00581 | V00582 | V00583 | V00584 | V00585 | V00586 | V00587 | V00588 | V00589 | V00590 | V00591 | V00592 | V00593 | V00594 | V00595 | V00596 | V00597 | V00598 | V00599 | V00600 | V00601 | V00602 | V00603 | V00604 | V00605 | V00606 | V00607 | V00608 | V00609 | V00610 | V00611 | V00612 | V00613 | V00614 | V00615 | V00616 | V00617 | V00618 | V00619 | V00620 | V00621 | V00622 | V00623 | V00624 | V00625 | V00626 | V00627 | V00628 | V00629 | V00630 | V00631 | V00632 | V00633 | V00634 | V00635 | V00636 | V00637 | V00638 | V00639 | V00640 | V00641 | V00642 | V00643
Agregados_por_setores_cor_ou_raca_BR.csv;458772;CD_SETOR | V01317 | V01318 | V01319 | V01320 | V01321 | V01322 | V01323 | V01324 | V01325 | V01326 | V01327 | V01328 | V01329 | V01330 | V01331 | V01332 | V01333 | V01334 | V01335 | V01336 | V01337 | V01338 | V01339 | V01340 | V01341 | V01342 | V01343 | V01344 | V01345 | V01346 | V01347 | V01348 | V01349 | V01350 | V01351 | V01352 | V01353 | V01354 | V01355 | V01356 | V01357 | V01358 | V01359 | V01360 | V01361 | V01362 | V01363 | V01364 | V01365 | V01366 | V01367 | V01368 | V01369 | V01370 | V01371 | V01372 | V01373 | V01374 | V01375 | V01376 | V01377 | V01378 | V01379 | V01380 | V01381 | V01382 | V01383 | V01384 | V01385 | V01386 | V01387 | V01388 | V01389 | V01390 | V01391 | V01392 | V01393 | V01394 | V01395 | V01396 | V01397 | V01398 | V01399 | V01400 | V01401 | V01402 | V01403 | V01404 | V01405 | V01406 | V01407 | V01408 | V01409 | V01410 | V01411
Agregados_por_setores_demografia_BR.csv;458772;CD_setor | V01006 | V01007 | V01008 | V01009 | V01010 | V01011 | V01012 | V01013 | V01014 | V01015 | V01016 | V01017 | V01018 | V01019 | V01020 | V01021 | V01022 | V01023 | V01024 | V01025 | V01026 | V01027 | V01028 | V01029 | V01030 | V01031 | V01032 | V01033 | V01034 | V01035 | V01036 | V01037 | V01038 | V01039 | V01040 | V01041
Agregados_por_setores_domicilios_indigenas_BR.csv;458772;CD_SETOR | V01500 | V01501 | V01502 | V01503 | V01504 | V01505 | V01506 | V01507 | V01508 | V01509 | V01510 | V01511 | V01512 | V01513 | V01514 | V01515 | V01516 | V01517 | V01518 | V01519 | V01520 | V01521 | V01522 | V01523 | V01524 | V01525 | V01526 | V01527 | V01528 | V01529 | V01530 | V01531 | V01532 | V01533 | V01534 | V01535 | V01536 | V01537 | V01538 | V01539 | V01540 | V01541 | V01542 | V01543 | V01544 | V01545 | V01546 | V01547 | V01548 | V01549 | V01550 | V01551 | V01552 | V01553 | V01554 | V01555 | V01556 | V01557 | V01558 | V01559 | V01560 | V01561 | V01562 | V01563 | V01564 | V01565 | V01566 | V01567 | V01568 | V01569 | V01570 | V01571 | V01572 | V01573 | V01574 | V01575 | V01576 | V01577 | V01578 | V01579 | V01580 | V01581 | V01582 | V01583 | V01584 | V01585 | V01586 | V01587 | V01588 | V01589 | V01590 | V01591 | V01592 | V01593 | V01594 | V01595 | V01596 | V01597 | V01598 | V01599 | V01600 | V01601 | V01602 | V01603 | V01604 | V01605 | V01606 | V01607 | V01608 | V01609 | V01610 | V01611 | V01612 | V01613 | V01614 | V01615 | V01616 | V01617 | V01618 | V01619 | V01620 | V01621 | V01622 | V01623 | V01624 | V01625 | V01626 | V01627 | V01628 | V01629 | V01630 | V01631 | V01632 | V01633 | V01634 | V01635 | V01636 | V01637 | V01638 | V01639 | V01640 | V01641 | V01642 | V01643 | V01644 | V01645 | V01646 | V01647 | V01648 | V01649 | V01650 | V01651 | V01652 | V01653 | V01654 | V01655 | V01656 | V01657 | V01658 | V01659 | V01660 | V01661 | V01662 | V01663 | V01664 | V01665 | V01666 | V01667 | V01668 | V01669 | V01670 | V01671 | V01672 | V01673 | V01674 | V01675 | V01676 | V01677 | V01678 | V01679 | V01680 | V01681 | V01682 | V01683 | V01684 | V01685 | V01686 | V01687 | V01688 | V01689
Agregados_por_setores_domicilios_quilombolas_BR.csv;458772;CD_SETOR | V03000 | V03001 | V03002 | V03003 | V03004 | V03005 | V03006 | V03007 | V03008 | V03009 | V03010 | V03011 | V03012 | V03013 | V03014 | V03015 | V03016 | V03017 | V03018 | V03019 | V03020 | V03021 | V03022 | V03023 | V03024 | V03025 | V03026 | V03027 | V03028 | V03029 | V03030 | V03031 | V03032 | V03033 | V03034 | V03035 | V03036 | V03037 | V03038 | V03039 | V03040 | V03041 | V03042 | V03043 | V03044 | V03045 | V03046 | V03047 | V03048 | V03049 | V03050 | V03051 | V03052 | V03053 | V03054 | V03055 | V03056 | V03057 | V03058 | V03059 | V03060 | V03061 | V03062 | V03063 | V03064 | V03065 | V03066 | V03067 | V03068 | V03069 | V03070 | V03071 | V03072 | V03073 | V03074 | V03075 | V03076 | V03077 | V03078 | V03079 | V03080 | V03081 | V03082 | V03083 | V03084 | V03085 | V03086 | V03087 | V03088 | V03089 | V03090 | V03091 | V03092 | V03093 | V03094 | V03095 | V03096 | V03097 | V03098 | V03099 | V03100 | V03101 | V03102 | V03103 | V03104 | V03105 | V03106 | V03107 | V03108 | V03109 | V03110 | V03111 | V03112 | V03113 | V03114 | V03115 | V03116 | V03117 | V03118 | V03119 | V03120 | V03121 | V03122 | V03123 | V03124 | V03125 | V03126 | V03127 | V03128 | V03129 | V03130 | V03131 | V03132 | V03133 | V03134 | V03135 | V03136 | V03137 | V03138 | V03139 | V03140 | V03141 | V03142 | V03143 | V03144 | V03145 | V03146 | V03147 | V03148 | V03149 | V03150 | V03151 | V03152 | V03153 | V03154 | V03155 | V03156 | V03157 | V03158 | V03159 | V03160 | V03161 | V03162 | V03163 | V03164 | V03165 | V03166 | V03167 | V03168 | V03169 | V03170 | V03171 | V03172 | V03173 | V03174 | V03175 | V03176 | V03177 | V03178 | V03179 | V03180 | V03181 | V03182 | V03183 | V03184 | V03185 | V03186 | V03187 | V03188 | V03189 | V03190 | V03191 | V03192 | V03193 | V03194 | V03195
Agregados_por_setores_obitos_BR.csv;458772;CD_SETOR | V01224 | V01225 | V01226 | V01227 | V01228 | V01229 | V01230 | V01231 | V01232 | V01233 | V01234 | V01235 | V01236 | V01237 | V01238 | V01239 | V01240 | V01241 | V01242 | V01243 | V01244 | V01245 | V01246 | V01247 | V01248 | V01249 | V01250 | V01251 | V01252 | V01253 | V01254 | V01255 | V01256 | V01257 | V01258 | V01259 | V01260 | V01261 | V01262 | V01263 | V01264 | V01265 | V01266 | V01267 | V01268 | V01269 | V01270 | V01271 | V01272 | V01273 | V01274 | V01275 | V01276 | V01277 | V01278 | V01279 | V01280 | V01281 | V01282 | V01283 | V01284 | V01285 | V01286 | V01287 | V01288 | V01289 | V01290 | V01291 | V01292 | V01293 | V01294 | V01295 | V01296 | V01297 | V01298 | V01299 | V01300 | V01301 | V01302 | V01303 | V01304 | V01305 | V01306 | V01307 | V01308 | V01309 | V01310 | V01311 | V01312 | V01313 | V01314 | V01315 | V01316
Agregados_por_setores_parentesco_BR.csv;458772;CD_SETOR | V01042 | V01043 | V01044 | V01045 | V01046 | V01047 | V01048 | V01049 | V01050 | V01051 | V01052 | V01053 | V01054 | V01055 | V01056 | V01057 | V01058 | V01059 | V01060 | V01061 | V01062 | V01063 | V01064 | V01065 | V01066 | V01067 | V01068 | V01069 | V01070 | V01071 | V01072 | V01073 | V01074 | V01075 | V01076 | V01077 | V01078 | V01079 | V01080 | V01081 | V01082 | V01083 | V01084 | V01085 | V01086 | V01087 | V01088 | V01089 | V01090 | V01091 | V01092 | V01093 | V01094 | V01095 | V01096 | V01097 | V01098 | V01099 | V01100 | V01101 | V01102 | V01103 | V01104 | V01105 | V01106 | V01107 | V01108 | V01109 | V01110 | V01111 | V01112 | V01113 | V01114 | V01115 | V01116 | V01117 | V01118 | V01119 | V01120 | V01121 | V01122 | V01123 | V01124 | V01125 | V01126 | V01127 | V01128 | V01129 | V01130 | V01131 | V01132 | V01133 | V01134 | V01135 | V01136 | V01137 | V01138 | V01139 | V01140 | V01141 | V01142 | V01143 | V01144 | V01145 | V01146 | V01147 | V01148 | V01149 | V01150 | V01151 | V01152 | V01153 | V01154 | V01155 | V01156 | V01157 | V01158 | V01159 | V01160 | V01161 | V01162 | V01163 | V01164 | V01165 | V01166 | V01167 | V01168 | V01169 | V01170 | V01171 | V01172 | V01173 | V01174 | V01175 | V01176 | V01177 | V01178 | V01179 | V01180 | V01181 | V01182 | V01183 | V01184 | V01185 | V01186 | V01187 | V01188 | V01189 | V01190 | V01191 | V01192 | V01193 | V01194 | V01195 | V01196 | V01197 | V01198 | V01199 | V01200 | V01201 | V01202 | V01203 | V01204 | V01205 | V01206 | V01207 | V01208 | V01209 | V01210 | V01211 | V01212 | V01213 | V01214 | V01215 | V01216 | V01217 | V01218 | V01219 | V01220 | V01221 | V01222 | V01223
Agregados_por_setores_pessoas_indigenas_BR.csv;458772;CD_SETOR | V01690 | V01691 | V01692 | V01693 | V01694 | V01695 | V01696 | V01697 | V01698 | V01699 | V01700 | V01701 | V01702 | V01703 | V01704 | V01705 | V01706 | V01707 | V01708 | V01709 | V01710 | V01711 | V01712 | V01713 | V01714 | V01715 | V01716 | V01717 | V01718 | V01719 | V01720 | V01721 | V01722 | V01723 | V01724 | V01725 | V01726 | V01727 | V01728 | V01729 | V01730 | V01731 | V01732 | V01733 | V01734 | V01735 | V01736 | V01737 | V01738 | V01739 | V01740 | V01741 | V01742 | V01743 | V01744 | V01745 | V01746 | V01747 | V01748 | V01749 | V01750 | V01751 | V01752 | V01753 | V01754 | V01755 | V01756 | V01757 | V01758 | V01759 | V01760 | V01761 | V01762 | V01763 | V01764 | V01765 | V01766 | V01767 | V01768 | V01769 | V01770 | V01771 | V01772 | V01773 | V01774 | V01775 | V01776 | V01777 | V01778 | V01779 | V01780 | V01781 | V01782 | V01783 | V01784 | V01785 | V01786 | V01787 | V01788 | V01789 | V01790 | V01791 | V01792 | V01793 | V01794 | V01795 | V01796 | V01797 | V01798 | V01799 | V01800 | V01801 | V01802 | V01803 | V01804 | V01805 | V01806 | V01807 | V01808 | V01809 | V01810 | V01811 | V01812 | V01813 | V01814 | V01815 | V01816 | V01817 | V01818 | V01819 | V01820 | V01821 | V01822 | V01823 | V01824 | V01825 | V01826 | V01827 | V01828 | V01829 | V01830 | V01831 | V01832 | V01833 | V01834 | V01835 | V01836 | V01837 | V01838 | V01839 | V01840 | V01841 | V01842 | V01843 | V01844 | V01845 | V01846 | V01847 | V01848 | V01849 | V01850 | V01851 | V01852 | V01853 | V01854 | V01855 | V01856 | V01857 | V01858 | V01859 | V01860 | V01861 | V01862 | V01863 | V01864 | V01865 | V01866 | V01867 | V01868 | V01869 | V01870 | V01871 | V01872 | V01873 | V01874 | V01875 | V01876 | V01877 | V01878 | V01879 | V01880 | V01881 | V01882 | V01883 | V01884 | V01885 | V01886 | V01887 | V01888 | V01889 | V01890 | V01891 | V01892 | V01893 | V01894 | V01895 | V01896 | V01897 | V01898 | V01899 | V01900 | V01901 | V01902 | V01903 | V01904 | V01905 | V01906 | V01907 | V01908 | V01909 | V01910 | V01911 | V01912 | V01913 | V01914 | V01915 | V01916 | V01917 | V01918 | V01919 | V01920 | V01921 | V01922 | V01923 | V01924 | V01925 | V01926 | V01927 | V01928 | V01929 | V01930 | V01931 | V01932 | V01933 | V01934 | V01935 | V01936 | V01937 | V01938 | V01939 | V01940 | V01941 | V01942 | V01943 | V01944 | V01945 | V01946 | V01947 | V01948 | V01949 | V01950 | V01951 | V01952 | V01953 | V01954 | V01955 | V01956 | V01957 | V01958 | V01959 | V01960 | V01961 | V01962 | V01963 | V01964 | V01965 | V01966 | V01967 | V01968 | V01969 | V01970 | V01971 | V01972 | V01973 | V01974 | V01975 | V01976 | V01977 | V01978 | V01979 | V01980 | V01981 | V01982 | V01983 | V01984 | V01985 | V01986 | V01987 | V01988 | V01989 | V01990 | V01991 | V01992 | V01993 | V01994 | V01995 | V01996 | V01997 | V01998 | V01999 | V02000 | V02001 | V02002 | V02003 | V02004 | V02005 | V02006 | V02007 | V02008 | V02009 | V02010 | V02011 | V02012 | V02013 | V02014 | V02015 | V02016 | V02017 | V02018 | V02019 | V02020 | V02021 | V02022 | V02023 | V02024 | V02025 | V02026 | V02027 | V02028 | V02029 | V02030 | V02031 | V02032 | V02033 | V02034 | V02035 | V02036 | V02037 | V02038 | V02039 | V02040 | V02041 | V02042 | V02043 | V02044 | V02045 | V02046 | V02047 | V02048 | V02049 | V02050 | V02051 | V02052 | V02053 | V02054 | V02055 | V02056 | V02057 | V02058 | V02059 | V02060 | V02061 | V02062 | V02063 | V02064 | V02065 | V02066 | V02067 | V02068 | V02069 | V02070 | V02071 | V02072 | V02073 | V02074 | V02075 | V02076 | V02077 | V02078 | V02079 | V02080 | V02081 | V02082 | V02083 | V02084 | V02085 | V02086 | V02087 | V02088 | V02089 | V02090 | V02091 | V02092 | V02093 | V02094 | V02095 | V02096 | V02097 | V02098 | V02099 | V02100 | V02101 | V02102 | V02103 | V02104 | V02105 | V02106 | V02107 | V02108 | V02109 | V02110 | V02111 | V02112 | V02113 | V02114 | V02115 | V02116 | V02117 | V02118 | V02119 | V02120 | V02121 | V02122 | V02123 | V02124 | V02125 | V02126 | V02127 | V02128 | V02129 | V02130 | V02131 | V02132 | V02133 | V02134 | V02135 | V02136 | V02137 | V02138 | V02139 | V02140 | V02141 | V02142 | V02143 | V02144 | V02145 | V02146 | V02147 | V02148 | V02149 | V02150 | V02151 | V02152 | V02153 | V02154 | V02155 | V02156 | V02157 | V02158 | V02159 | V02160 | V02161 | V02162 | V02163 | V02164 | V02165 | V02166 | V02167 | V02168 | V02169 | V02170 | V02171 | V02172 | V02173 | V02174 | V02175 | V02176 | V02177 | V02178 | V02179 | V02180 | V02181 | V02182 | V02183 | V02184 | V02185 | V02186 | V02187 | V02188 | V02189 | V02190 | V02191 | V02192 | V02193 | V02194 | V02195 | V02196 | V02197 | V02198 | V02199 | V02200 | V02201 | V02202 | V02203 | V02204 | V02205 | V02206 | V02207 | V02208 | V02209 | V02210 | V02211 | V02212 | V02213 | V02214 | V02215 | V02216 | V02217 | V02218 | V02219 | V02220 | V02221 | V02222 | V02223 | V02224 | V02225 | V02226 | V02227 | V02228 | V02229 | V02230 | V02231 | V02232 | V02233 | V02234 | V02235 | V02236 | V02237 | V02238 | V02239 | V02240 | V02241 | V02242 | V02243 | V02244 | V02245 | V02246 | V02247 | V02248 | V02249 | V02250 | V02251 | V02252 | V02253 | V02254 | V02255 | V02256 | V02257 | V02258 | V02259 | V02260 | V02261 | V02262 | V02263 | V02264 | V02265 | V02266 | V02267 | V02268 | V02269 | V02270 | V02271 | V02272 | V02273 | V02274 | V02275 | V02276 | V02277 | V02278 | V02279 | V02280 | V02281 | V02282 | V02283 | V02284 | V02285 | V02286 | V02287 | V02288 | V02289 | V02290 | V02291 | V02292 | V02293 | V02294 | V02295 | V02296 | V02297 | V02298 | V02299 | V02300 | V02301 | V02302 | V02303 | V02304 | V02305 | V02306 | V02307 | V02308 | V02309 | V02310 | V02311 | V02312 | V02313 | V02314 | V02315 | V02316 | V02317 | V02318 | V02319 | V02320 | V02321 | V02322 | V02323 | V02324 | V02325 | V02326 | V02327 | V02328 | V02329 | V02330 | V02331 | V02332 | V02333 | V02334 | V02335 | V02336 | V02337 | V02338 | V02339 | V02340 | V02341 | V02342 | V02343 | V02344 | V02345 | V02346 | V02347 | V02348 | V02349 | V02350 | V02351 | V02352 | V02353 | V02354 | V02355 | V02356 | V02357 | V02358 | V02359 | V02360 | V02361 | V02362 | V02363 | V02364 | V02365 | V02366 | V02367 | V02368 | V02369 | V02370 | V02371 | V02372 | V02373 | V02374 | V02375 | V02376 | V02377 | V02378 | V02379 | V02380 | V02381 | V02382 | V02383 | V02384 | V02385 | V02386 | V02387 | V02388 | V02389 | V02390 | V02391 | V02392 | V02393 | V02394 | V02395 | V02396 | V02397 | V02398 | V02399 | V02400 | V02401 | V02402 | V02403 | V02404 | V02405 | V02406 | V02407 | V02408 | V02409 | V02410 | V02411 | V02412 | V02413 | V02414 | V02415 | V02416 | V02417 | V02418 | V02419 | V02420 | V02421 | V02422 | V02423 | V02424 | V02425 | V02426 | V02427 | V02428 | V02429 | V02430 | V02431 | V02432 | V02433 | V02434 | V02435 | V02436 | V02437 | V02438 | V02439 | V02440 | V02441 | V02442 | V02443 | V02444 | V02445 | V02446 | V02447 | V02448 | V02449 | V02450 | V02451 | V02452 | V02453 | V02454 | V02455 | V02456 | V02457 | V02458 | V02459 | V02460 | V02461 | V02462 | V02463 | V02464 | V02465 | V02466 | V02467 | V02468 | V02469 | V02470 | V02471 | V02472 | V02473 | V02474 | V02475 | V02476 | V02477 | V02478 | V02479 | V02480 | V02481 | V02482 | V02483 | V02484 | V02485 | V02486 | V02487 | V02488 | V02489 | V02490 | V02491 | V02492 | V02493 | V02494 | V02495 | V02496 | V02497 | V02498 | V02499 | V02500 | V02501 | V02502 | V02503 | V02504 | V02505 | V02506 | V02507 | V02508 | V02509 | V02510 | V02511 | V02512 | V02513 | V02514 | V02515 | V02516 | V02517 | V02518 | V02519 | V02520 | V02521 | V02522 | V02523 | V02524 | V02525 | V02526 | V02527 | V02528
Agregados_por_setores_pessoas_quilombolas_BR.csv;458772;CD_SETOR | V03196 | V03197 | V03198 | V03199 | V03200 | V03201 | V03202 | V03203 | V03204 | V03205 | V03206 | V03207 | V03208 | V03209 | V03210 | V03211 | V03212 | V03213 | V03214 | V03215 | V03216 | V03217 | V03218 | V03219 | V03220 | V03221 | V03222 | V03223 | V03224 | V03225 | V03226 | V03227 | V03228 | V03229 | V03230 | V03231 | V03232 | V03233 | V03234 | V03235 | V03236 | V03237 | V03238 | V03239 | V03240 | V03241 | V03242 | V03243 | V03244 | V03245 | V03246 | V03247 | V03248 | V03249 | V03250 | V03251 | V03252 | V03253 | V03254 | V03255 | V03256 | V03257 | V03258 | V03259 | V03260 | V03261 | V03262 | V03263 | V03264 | V03265 | V03266 | V03267 | V03268 | V03269 | V03270 | V03271 | V03272 | V03273 | V03274 | V03275 | V03276 | V03277 | V03278 | V03279 | V03280 | V03281 | V03282 | V03283 | V03284 | V03285 | V03286 | V03287 | V03288 | V03289 | V03290 | V03291 | V03292 | V03293 | V03294 | V03295 | V03296 | V03297 | V03298 | V03299 | V03300 | V03301 | V03302 | V03303 | V03304 | V03305 | V03306 | V03307 | V03308 | V03309 | V03310 | V03311 | V03312 | V03313 | V03314 | V03315 | V03316 | V03317 | V03318 | V03319 | V03320 | V03321 | V03322 | V03323 | V03324 | V03325 | V03326 | V03327 | V03328 | V03329 | V03330 | V03331 | V03332 | V03333 | V03334 | V03335 | V03336 | V03337 | V03338 | V03339 | V03340 | V03341 | V03342 | V03343 | V03344 | V03345 | V03346 | V03347 | V03348 | V03349 | V03350 | V03351 | V03352 | V03353 | V03354 | V03355 | V03356 | V03357 | V03358 | V03359 | V03360 | V03361 | V03362 | V03363 | V03364 | V03365 | V03366 | V03367 | V03368 | V03369 | V03370 | V03371 | V03372 | V03373 | V03374 | V03375 | V03376 | V03377 | V03378 | V03379 | V03380 | V03381 | V03382 | V03383 | V03384 | V03385 | V03386 | V03387 | V03388 | V03389 | V03390 | V03391 | V03392 | V03393 | V03394 | V03395 | V03396 | V03397 | V03398 | V03399 | V03400 | V03401 | V03402 | V03403 | V03404 | V03405 | V03406 | V03407 | V03408 | V03409 | V03410 | V03411 | V03412 | V03413 | V03414 | V03415 | V03416 | V03417 | V03418 | V03419 | V03420 | V03421 | V03422 | V03423 | V03424 | V03425 | V03426 | V03427 | V03428 | V03429 | V03430 | V03431 | V03432 | V03433 | V03434 | V03435 | V03436 | V03437 | V03438 | V03439 | V03440 | V03441 | V03442 | V03443 | V03444 | V03445 | V03446 | V03447 | V03448 | V03449 | V03450 | V03451 | V03452 | V03453 | V03454 | V03455 | V03456 | V03457 | V03458 | V03459 | V03460 | V03461 | V03462 | V03463 | V03464 | V03465 | V03466 | V03467 | V03468 | V03469 | V03470 | V03471 | V03472 | V03473 | V03474 | V03475 | V03476 | V03477 | V03478 | V03479 | V03480 | V03481 | V03482 | V03483 | V03484 | V03485 | V03486 | V03487 | V03488 | V03489 | V03490 | V03491 | V03492 | V03493 | V03494 | V03495 | V03496 | V03497 | V03498 | V03499 | V03500 | V03501 | V03502 | V03503 | V03504 | V03505 | V03506 | V03507 | V03508 | V03509 | V03510 | V03511 | V03512 | V03513 | V03514 | V03515 | V03516 | V03517 | V03518 | V03519 | V03520 | V03521 | V03522 | V03523 | V03524 | V03525 | V03526 | V03527 | V03528 | V03529 | V03530 | V03531 | V03532 | V03533 | V03534 | V03535 | V03536 | V03537 | V03538 | V03539 | V03540 | V03541 | V03542 | V03543 | V03544 | V03545 | V03546 | V03547 | V03548 | V03549 | V03550 | V03551 | V03552 | V03553 | V03554 | V03555 | V03556 | V03557 | V03558 | V03559 | V03560 | V03561 | V03562 | V03563 | V03564 | V03565 | V03566 | V03567 | V03568 | V03569 | V03570 | V03571 | V03572 | V03573 | V03574 | V03575 | V03576 | V03577 | V03578 | V03579 | V03580 | V03581 | V03582 | V03583 | V03584 | V03585 | V03586 | V03587 | V03588 | V03589 | V03590 | V03591 | V03592 | V03593 | V03594 | V03595 | V03596 | V03597 | V03598 | V03599 | V03600 | V03601 | V03602 | V03603 | V03604 | V03605 | V03606 | V03607 | V03608 | V03609 | V03610 | V03611 | V03612 | V03613 | V03614 | V03615 | V03616 | V03617 | V03618 | V03619 | V03620 | V03621 | V03622 | V03623 | V03624 | V03625 | V03626 | V03627 | V03628 | V03629 | V03630 | V03631 | V03632 | V03633 | V03634 | V03635 | V03636 | V03637 | V03638 | V03639 | V03640 | V03641 | V03642 | V03643 | V03644 | V03645 | V03646 | V03647 | V03648 | V03649 | V03650 | V03651 | V03652 | V03653 | V03654 | V03655 | V03656 | V03657 | V03658 | V03659 | V03660 | V03661 | V03662 | V03663 | V03664 | V03665 | V03666 | V03667 | V03668 | V03669 | V03670 | V03671 | V03672 | V03673 | V03674 | V03675 | V03676 | V03677 | V03678 | V03679 | V03680 | V03681 | V03682 | V03683 | V03684 | V03685 | V03686 | V03687 | V03688 | V03689 | V03690 | V03691 | V03692 | V03693 | V03694 | V03695 | V03696 | V03697 | V03698 | V03699 | V03700 | V03701 | V03702 | V03703 | V03704 | V03705 | V03706 | V03707 | V03708 | V03709 | V03710 | V03711 | V03712 | V03713 | V03714 | V03715 | V03716 | V03717 | V03718 | V03719 | V03720 | V03721 | V03722 | V03723 | V03724 | V03725 | V03726 | V03727 | V03728 | V03729 | V03730 | V03731 | V03732 | V03733 | V03734 | V03735 | V03736 | V03737 | V03738 | V03739 | V03740 | V03741 | V03742 | V03743 | V03744 | V03745 | V03746 | V03747 | V03748 | V03749 | V03750 | V03751 | V03752 | V03753 | V03754 | V03755 | V03756 | V03757 | V03758 | V03759 | V03760 | V03761 | V03762 | V03763 | V03764 | V03765 | V03766 | V03767 | V03768 | V03769 | V03770 | V03771 | V03772 | V03773 | V03774 | V03775 | V03776 | V03777 | V03778 | V03779 | V03780 | V03781 | V03782 | V03783 | V03784 | V03785 | V03786 | V03787 | V03788 | V03789 | V03790 | V03791 | V03792 | V03793 | V03794 | V03795 | V03796 | V03797 | V03798 | V03799 | V03800 | V03801 | V03802 | V03803 | V03804 | V03805 | V03806 | V03807 | V03808 | V03809 | V03810 | V03811 | V03812 | V03813 | V03814 | V03815 | V03816 | V03817 | V03818 | V03819 | V03820 | V03821 | V03822 | V03823 | V03824 | V03825 | V03826 | V03827 | V03828 | V03829 | V03830 | V03831 | V03832 | V03833 | V03834 | V03835 | V03836 | V03837 | V03838 | V03839 | V03840 | V03841 | V03842 | V03843 | V03844 | V03845 | V03846 | V03847 | V03848 | V03849 | V03850 | V03851 | V03852 | V03853 | V03854 | V03855 | V03856 | V03857 | V03858 | V03859 | V03860 | V03861 | V03862 | V03863 | V03864 | V03865 | V03866 | V03867 | V03868 | V03869 | V03870 | V03871 | V03872 | V03873 | V03874 | V03875 | V03876 | V03877 | V03878 | V03879 | V03880 | V03881 | V03882 | V03883 | V03884 | V03885 | V03886 | V03887 | V03888 | V03889 | V03890 | V03891 | V03892 | V03893 | V03894 | V03895 | V03896 | V03897 | V03898 | V03899 | V03900 | V03901 | V03902 | V03903 | V03904 | V03905 | V03906 | V03907 | V03908 | V03909 | V03910 | V03911 | V03912 | V03913 | V03914 | V03915 | V03916 | V03917 | V03918 | V03919 | V03920 | V03921 | V03922 | V03923 | V03924 | V03925 | V03926 | V03927 | V03928 | V03929 | V03930 | V03931 | V03932 | V03933 | V03934 | V03935 | V03936 | V03937 | V03938 | V03939 | V03940 | V03941 | V03942 | V03943 | V03944 | V03945 | V03946 | V03947 | V03948 | V03949 | V03950
Agregados_por_setores_renda_responsavel_BR.csv;458772;CD_SETOR | V06001 | V06002 | V06003 | V06004 | V06005
