variavel;descricao_oficial;tema_ibge;bloco_do_projeto;arquivo_fonte;chave_do_setor_no_arquivo;usada_nos_indicadores;origem_da_descricao
CD_FCU;Código da Favela ou Comunidade Urbana à qual o setor pertence;Básico;Básico;Agregados_por_setores_basico_BR_20250417.csv;CD_SETOR;(identificação/auxiliar);Documentação do projeto
CD_SETOR;Geocódigo do setor censitário (15 dígitos): UF(2) + município(5) + distrito, subdistrito e setor;Básico;Básico;Agregados_por_setores_basico_BR_20250417.csv;CD_SETOR;(identificação/auxiliar);Documentação do projeto
CD_SIT;"Código da situação do setor: 1-3 = urbana; 5-8 = rural; 9 = massa d'água (população zero)";Básico;Básico;Agregados_por_setores_basico_BR_20250417.csv;CD_SETOR;(identificação/auxiliar);Documentação do projeto
CD_TIPO;"Tipo de setor. 1 = Favela e Comunidade Urbana (FCU); 0 = setor não especial; demais códigos = outros setores especiais";Básico;Básico;Agregados_por_setores_basico_BR_20250417.csv;CD_SETOR;(identificação/auxiliar);Documentação do projeto
NM_BAIRRO;Nome do bairro, quando o setor pertence a um bairro delimitado;Básico;Básico;Agregados_por_setores_basico_BR_20250417.csv;CD_SETOR;(identificação/auxiliar);Documentação do projeto
NM_FCU;Nome da Favela ou Comunidade Urbana à qual o setor pertence;Básico;Básico;Agregados_por_setores_basico_BR_20250417.csv;CD_SETOR;(identificação/auxiliar);Documentação do projeto
NM_MUN;Nome do município;Básico;Básico;Agregados_por_setores_basico_BR_20250417.csv;CD_SETOR;(identificação/auxiliar);Documentação do projeto
SITUACAO;Situação do setor: Urbana ou Rural (vazia nos setores de massa d'água);Básico;Básico;Agregados_por_setores_basico_BR_20250417.csv;CD_SETOR;(identificação/auxiliar);Documentação do projeto
v0001;Total de pessoas;Básico;Básico;Agregados_por_setores_basico_BR_20250417.csv;CD_SETOR;pct_raca_pretpardind, pct_crianca_0a4, pct_pop_0a14, pct_idoso_60mais;Dicionário oficial IBGE
CD_setor;Geocódigo do setor censitário — mesma chave que CD_SETOR, grafada assim neste arquivo do IBGE;Características do Domicílio - Parte 1;Domicílio 1;Agregados_por_setores_caracteristicas_domicilio1_BR.csv;CD_setor;(identificação/auxiliar);Documentação do projeto
V00001;Domicílios Particulares Permanentes Ocupados;Características do Domicílio - Parte 1;Domicílio 1;Agregados_por_setores_caracteristicas_domicilio1_BR.csv;CD_setor;pct_agua_inad, pct_esgoto_inad, pct_lixo_inad, razao_moradores, pct_dom_improv, pct_hab_precaria, pct_moradia_convencional, pct_moradia_nao_convencional, pct_apartamento, pct_casa, pct_casa_vila_condominio, pct_sem_banheiro, pct_sem_banheiro_nem_sanitario;Dicionário oficial IBGE
V00002;Domicílios Particulares Improvisados Ocupados;Características do Domicílio - Parte 1;Domicílio 1;Agregados_por_setores_caracteristicas_domicilio1_BR.csv;CD_setor;razao_moradores, pct_dom_improv, pct_hab_precaria;Dicionário oficial IBGE
V00005;Domicílios Particulares Permanentes Ocupados, Quantidade de moradores;Características do Domicílio - Parte 1;Domicílio 1;Agregados_por_setores_caracteristicas_domicilio1_BR.csv;CD_setor;razao_moradores;Dicionário oficial IBGE
V00006;Domicílios Particulares Improvisados Ocupados, Quantidade de moradores;Características do Domicílio - Parte 1;Domicílio 1;Agregados_por_setores_caracteristicas_domicilio1_BR.csv;CD_setor;razao_moradores;Dicionário oficial IBGE
V00047;Domicílios Particulares Permanentes Ocupados, Tipo de espécie é casa;Características do Domicílio - Parte 1;Domicílio 1;Agregados_por_setores_caracteristicas_domicilio1_BR.csv;CD_setor;pct_moradia_convencional, pct_casa;Dicionário oficial IBGE
V00048;Domicílios Particulares Permanentes Ocupados, Tipo de espécie é casa de vila ou em condomínio;Características do Domicílio - Parte 1;Domicílio 1;Agregados_por_setores_caracteristicas_domicilio1_BR.csv;CD_setor;pct_moradia_convencional, pct_casa_vila_condominio;Dicionário oficial IBGE
V00049;Domicílios Particulares Permanentes Ocupados, Tipo de espécie é apartamento;Características do Domicílio - Parte 1;Domicílio 1;Agregados_por_setores_caracteristicas_domicilio1_BR.csv;CD_setor;pct_moradia_convencional, pct_apartamento;Dicionário oficial IBGE
V00050;Domicílios Particulares Permanentes Ocupados, Tipo de espécie é habitação em casa de cômodos ou cortiço;Características do Domicílio - Parte 1;Domicílio 1;Agregados_por_setores_caracteristicas_domicilio1_BR.csv;CD_setor;pct_hab_precaria, pct_moradia_nao_convencional;Dicionário oficial IBGE
V00051;Domicílios Particulares Permanentes Ocupados, Tipo de espécie é habitação indígena sem paredes ou maloca;Características do Domicílio - Parte 1;Domicílio 1;Agregados_por_setores_caracteristicas_domicilio1_BR.csv;CD_setor;pct_moradia_nao_convencional;Dicionário oficial IBGE
V00052;Domicílios Particulares Permanentes Ocupados, Tipo de espécie é estrutura residencial permanente degradada ou inacabada;Características do Domicílio - Parte 1;Domicílio 1;Agregados_por_setores_caracteristicas_domicilio1_BR.csv;CD_setor;pct_hab_precaria, pct_moradia_nao_convencional;Dicionário oficial IBGE
V00053;Domicílios Particulares Improvisados Ocupados, Tipo de espécie é tenda ou barraca de lona, plástico ou tecido;Características do Domicílio - Parte 1;Domicílio 1;Agregados_por_setores_caracteristicas_domicilio1_BR.csv;CD_setor;pct_hab_precaria;Dicionário oficial IBGE
V00054;Domicílios Particulares Improvisados Ocupados, Tipo de espécie é dentro de estabelecimento em funcionamento;Características do Domicílio - Parte 1;Domicílio 1;Agregados_por_setores_caracteristicas_domicilio1_BR.csv;CD_setor;pct_hab_precaria;Dicionário oficial IBGE
V00055;Domicílios Particulares Improvisados Ocupados, Tipo de espécie é abrigo natural e outras estruturas improvisadas;Características do Domicílio - Parte 1;Domicílio 1;Agregados_por_setores_caracteristicas_domicilio1_BR.csv;CD_setor;pct_hab_precaria;Dicionário oficial IBGE
V00056;Domicílios Particulares Improvisados Ocupados, Tipo de espécie é estrutura improvisada em logradouro público, exceto tenda ou barraca;Características do Domicílio - Parte 1;Domicílio 1;Agregados_por_setores_caracteristicas_domicilio1_BR.csv;CD_setor;pct_hab_precaria;Dicionário oficial IBGE
V00057;Domicílios Particulares Improvisados Ocupados, Tipo de espécie é estrutura não residencial permanente degradada ou inacabada;Características do Domicílio - Parte 1;Domicílio 1;Agregados_por_setores_caracteristicas_domicilio1_BR.csv;CD_setor;pct_hab_precaria;Dicionário oficial IBGE
V00058;Domicílios Particulares Improvisados Ocupados, Tipo de espécie é veículo (carro, caminhão, trailer, barco etc);Características do Domicílio - Parte 1;Domicílio 1;Agregados_por_setores_caracteristicas_domicilio1_BR.csv;CD_setor;pct_hab_precaria;Dicionário oficial IBGE
V00112;Domicílios Particulares Permanentes Ocupados, Utiliza poço profundo ou artesiano;Características do Domicílio - Parte 2;Domicílio 2;Agregados_por_setores_caracteristicas_domicilio2_BR_20250417.csv;setor;pct_agua_inad;Dicionário oficial IBGE
V00113;Domicílios Particulares Permanentes Ocupados, Utiliza poço raso, freático ou cacimba;Características do Domicílio - Parte 2;Domicílio 2;Agregados_por_setores_caracteristicas_domicilio2_BR_20250417.csv;setor;pct_agua_inad;Dicionário oficial IBGE
V00114;Domicílios Particulares Permanentes Ocupados, Utiliza fonte, nascente ou mina;Características do Domicílio - Parte 2;Domicílio 2;Agregados_por_setores_caracteristicas_domicilio2_BR_20250417.csv;setor;pct_agua_inad;Dicionário oficial IBGE
V00115;Domicílios Particulares Permanentes Ocupados, Utiliza carro-pipa;Características do Domicílio - Parte 2;Domicílio 2;Agregados_por_setores_caracteristicas_domicilio2_BR_20250417.csv;setor;pct_agua_inad;Dicionário oficial IBGE
V00116;Domicílios Particulares Permanentes Ocupados, Utiliza água da chuva armazenada;Características do Domicílio - Parte 2;Domicílio 2;Agregados_por_setores_caracteristicas_domicilio2_BR_20250417.csv;setor;pct_agua_inad;Dicionário oficial IBGE
V00117;Domicílios Particulares Permanentes Ocupados, Utiliza rios, açudes, córregos, lagos e igarapés;Características do Domicílio - Parte 2;Domicílio 2;Agregados_por_setores_caracteristicas_domicilio2_BR_20250417.csv;setor;pct_agua_inad;Dicionário oficial IBGE
V00118;Domicílios Particulares Permanentes Ocupados, Utiliza outra forma de abastecimento de água;Características do Domicílio - Parte 2;Domicílio 2;Agregados_por_setores_caracteristicas_domicilio2_BR_20250417.csv;setor;pct_agua_inad;Dicionário oficial IBGE
V00236;Domicílios Particulares Permanentes Ocupados, Apenas banheiro de uso comum a mais de um domicílio;Características do Domicílio - Parte 2;Domicílio 2;Agregados_por_setores_caracteristicas_domicilio2_BR_20250417.csv;setor;(identificação/auxiliar);Dicionário oficial IBGE
V00238;Domicílios Particulares Permanentes Ocupados, Não tinham banheiro nem sanitário;Características do Domicílio - Parte 2;Domicílio 2;Agregados_por_setores_caracteristicas_domicilio2_BR_20250417.csv;setor;pct_sem_banheiro_nem_sanitario;Dicionário oficial IBGE
V00312;Domicílios Particulares Permanentes Ocupados, Destinação do esgoto do banheiro ou sanitário ou buraco para dejeções é fossa rudimentar ou buraco;Características do Domicílio - Parte 2;Domicílio 2;Agregados_por_setores_caracteristicas_domicilio2_BR_20250417.csv;setor;pct_esgoto_inad;Dicionário oficial IBGE
V00313;Domicílios Particulares Permanentes Ocupados, Destinação do esgoto do banheiro ou sanitário ou buraco para dejeções é vala;Características do Domicílio - Parte 2;Domicílio 2;Agregados_por_setores_caracteristicas_domicilio2_BR_20250417.csv;setor;pct_esgoto_inad;Dicionário oficial IBGE
V00314;Domicílios Particulares Permanentes Ocupados, Destinação do esgoto do banheiro ou sanitário ou buraco para dejeções é rio, lago, córrego ou mar;Características do Domicílio - Parte 2;Domicílio 2;Agregados_por_setores_caracteristicas_domicilio2_BR_20250417.csv;setor;pct_esgoto_inad;Dicionário oficial IBGE
V00315;Domicílios Particulares Permanentes Ocupados, Destinação do esgoto do banheiro ou sanitário ou buraco para dejeções é outra forma;Características do Domicílio - Parte 2;Domicílio 2;Agregados_por_setores_caracteristicas_domicilio2_BR_20250417.csv;setor;pct_esgoto_inad;Dicionário oficial IBGE
V00316;Domicílios Particulares Permanentes Ocupados, Destinação do esgoto inexistente, pois não tinham banheiro nem sanitário;Características do Domicílio - Parte 2;Domicílio 2;Agregados_por_setores_caracteristicas_domicilio2_BR_20250417.csv;setor;pct_esgoto_inad;Dicionário oficial IBGE
V00398;Domicílios Particulares Permanentes Ocupados, Lixo depositado em caçamba de serviço de limpeza;Características do Domicílio - Parte 2;Domicílio 2;Agregados_por_setores_caracteristicas_domicilio2_BR_20250417.csv;setor;pct_lixo_inad;Dicionário oficial IBGE
V00399;Domicílios Particulares Permanentes Ocupados, Lixo queimado na propriedade;Características do Domicílio - Parte 2;Domicílio 2;Agregados_por_setores_caracteristicas_domicilio2_BR_20250417.csv;setor;pct_lixo_inad;Dicionário oficial IBGE
V00400;Domicílios Particulares Permanentes Ocupados, Lixo enterrado na propriedade;Características do Domicílio - Parte 2;Domicílio 2;Agregados_por_setores_caracteristicas_domicilio2_BR_20250417.csv;setor;pct_lixo_inad;Dicionário oficial IBGE
V00401;Domicílios Particulares Permanentes Ocupados, Lixo jogado em terreno baldio, encosta ou área pública;Características do Domicílio - Parte 2;Domicílio 2;Agregados_por_setores_caracteristicas_domicilio2_BR_20250417.csv;setor;pct_lixo_inad;Dicionário oficial IBGE
V00402;Domicílios Particulares Permanentes Ocupados, Outro destino do lixo;Características do Domicílio - Parte 2;Domicílio 2;Agregados_por_setores_caracteristicas_domicilio2_BR_20250417.csv;setor;pct_lixo_inad;Dicionário oficial IBGE
V00495;Domicílios Particulares Permanentes Ocupados, Sem banheiro de uso exclusivo com chuveiro e vaso sanitário;Características do Domicílio - Parte 2;Domicílio 2;Agregados_por_setores_caracteristicas_domicilio2_BR_20250417.csv;setor;pct_sem_banheiro;Dicionário oficial IBGE
setor;Geocódigo do setor censitário — mesma chave que CD_SETOR, grafada assim neste arquivo do IBGE;Características do Domicílio - Parte 2;Domicílio 2;Agregados_por_setores_caracteristicas_domicilio2_BR_20250417.csv;setor;(identificação/auxiliar);Documentação do projeto
V00900;15 anos ou mais, Morador sabe ler e escrever;Alfabetização;Alfabetização;Agregados_por_setores_alfabetizacao_BR.csv;CD_setor;pct_analfab;Dicionário oficial IBGE
V00901;15 anos ou mais, Morador não sabe ler e escrever;Alfabetização;Alfabetização;Agregados_por_setores_alfabetizacao_BR.csv;CD_setor;pct_analfab;Dicionário oficial IBGE
V01318;Cor ou raça é preta;Cor ou Raça;Cor ou Raça;Agregados_por_setores_cor_ou_raca_BR.csv;CD_SETOR;pct_raca_pretpardind;Dicionário oficial IBGE
V01320;Cor ou raça é parda;Cor ou Raça;Cor ou Raça;Agregados_por_setores_cor_ou_raca_BR.csv;CD_SETOR;pct_raca_pretpardind;Dicionário oficial IBGE
V01321;Cor ou raça é indígena;Cor ou Raça;Cor ou Raça;Agregados_por_setores_cor_ou_raca_BR.csv;CD_SETOR;pct_raca_pretpardind;Dicionário oficial IBGE
V06004;Valor do rendimento nominal médio mensal das pessoas responsáveis com rendimentos por domicílios particulares permanentes ocupados;Renda do Responsável;Renda do Responsável;Agregados_por_setores_renda_responsavel_BR.csv;CD_SETOR;renda_media;Dicionário oficial IBGE
V01031;0 a 4 anos;Demografia;Demografia;Agregados_por_setores_demografia_BR.csv;CD_setor;pct_crianca_0a4, pct_pop_0a14, iep_setor;Dicionário oficial IBGE
V01032;5 a 9 anos;Demografia;Demografia;Agregados_por_setores_demografia_BR.csv;CD_setor;pct_pop_0a14, iep_setor;Dicionário oficial IBGE
V01033;10 a 14 anos;Demografia;Demografia;Agregados_por_setores_demografia_BR.csv;CD_setor;pct_pop_0a14, iep_setor;Dicionário oficial IBGE
V01034;15 a 19 anos;Demografia;Demografia;Agregados_por_setores_demografia_BR.csv;CD_setor;rdi_setor;Dicionário oficial IBGE
V01035;20 a 24 anos;Demografia;Demografia;Agregados_por_setores_demografia_BR.csv;CD_setor;rdi_setor;Dicionário oficial IBGE
V01036;25 a 29 anos;Demografia;Demografia;Agregados_por_setores_demografia_BR.csv;CD_setor;rdi_setor;Dicionário oficial IBGE
V01037;30 a 39 anos;Demografia;Demografia;Agregados_por_setores_demografia_BR.csv;CD_setor;rdi_setor;Dicionário oficial IBGE
V01038;40 a 49 anos;Demografia;Demografia;Agregados_por_setores_demografia_BR.csv;CD_setor;rdi_setor;Dicionário oficial IBGE
V01039;50 a 59 anos;Demografia;Demografia;Agregados_por_setores_demografia_BR.csv;CD_setor;rdi_setor;Dicionário oficial IBGE
V01040;60 a 69 anos;Demografia;Demografia;Agregados_por_setores_demografia_BR.csv;CD_setor;pct_idoso_60mais, iep_setor, rdi_setor, prop_70mais_entre_60mais;Dicionário oficial IBGE
V01041;70 anos ou mais;Demografia;Demografia;Agregados_por_setores_demografia_BR.csv;CD_setor;pct_idoso_60mais, iep_setor, rdi_setor, prop_70mais_entre_60mais;Dicionário oficial IBGE
V01042;Pessoa responsável pelo domicílio;Parentesco;Parentesco;Agregados_por_setores_parentesco_BR.csv;CD_SETOR;(identificação/auxiliar);Dicionário oficial IBGE
V01062;Pessoa responsável pelo domicílio, Sexo masculino;Parentesco;Parentesco;Agregados_por_setores_parentesco_BR.csv;CD_SETOR;pct_resp_feminino;Dicionário oficial IBGE
V01063;Pessoa responsável pelo domicílio, Sexo feminino;Parentesco;Parentesco;Agregados_por_setores_parentesco_BR.csv;CD_SETOR;pct_resp_feminino;Dicionário oficial IBGE
